id,taxonomy,derived_category,gold_answer,parsed_answer,parse_status,output_tokens,question,raw_output
train-000550,unusually_long_reasoning,algebra,2,-10,parsed_explicit,1013,"Given that $x_{1}$ and $x_{2}$ are two real roots of the one-variable quadratic equation $x^{2}-2\left(m+1\right)x+m^{2}-3=0$ with respect to $x$. If $x_1^2+{x_2}^2-{x_1}{x_2}=33$, then $m=$____.","To solve for \( m \) given the quadratic equation \( x^2 - 2(m+1)x + m^2 - 3 = 0 \) and the condition \( x_1^2 + x_2^2 - x_1 x_2 = 33 \), we start by using Vieta's formulas. According to Vieta's formulas, for a quadratic equation \( ax^2 + bx + c = 0 \), the sum and product of the roots are given by:
\[ x_1 + x_2 = -\frac{b}{a} \]
\[ x_1 x_2 = \frac{c}{a} \]

For our specific quadratic equation \( x^2 - 2(m+1)x + (m^2 - 3) = 0 \), we have:
\[ x_1 + x_2 = 2(m+1) \]
\[ x_1 x_2 = m^2 - 3 \]

We are also given the condition:
\[ x_1^2 + x_2^2 - x_1 x_2 = 33 \]

We can rewrite \( x_1^2 + x_2^2 \) using the identity:
\[ x_1^2 + x_2^2 = (x_1 + x_2)^2 - 2x_1 x_2 \]

Substituting this into the given condition, we get:
\[ (x_1 + x_2)^2 - 2x_1 x_2 - x_1 x_2 = 33 \]
\[ (x_1 + x_2)^2 - 3x_1 x_2 = 33 \]

Now substitute the expressions from Vieta's formulas:
\[ [2(m+1)]^2 - 3(m^2 - 3) = 33 \]
\[ 4(m+1)^2 - 3(m^2 - 3) = 33 \]
\[ 4(m^2 + 2m + 1) - 3m^2 + 9 = 33 \]
\[ 4m^2 + 8m + 4 - 3m^2 + 9 = 33 \]
\[ m^2 + 8m + 13 = 33 \]
\[ m^2 + 8m + 13 - 33 = 0 \]
\[ m^2 + 8m - 20 = 0 \]

We solve this quadratic equation using the quadratic formula \( m = \frac{-b \pm \sqrt{b^2 - 4ac}}{2a} \), where \( a = 1 \), \( b = 8 \), and \( c = -20 \):
\[ m = \frac{-8 \pm \sqrt{8^2 - 4 \cdot 1 \cdot (-20)}}{2 \cdot 1} \]
\[ m = \frac{-8 \pm \sqrt{64 + 80}}{2} \]
\[ m = \frac{-8 \pm \sqrt{144}}{2} \]
\[ m = \frac{-8 \pm 12}{2} \]

This gives us two solutions:
\[ m = \frac{-8 + 12}{2} = \frac{4}{2} = 2 \]
\[ m = \frac{-8 - 12}{2} = \frac{-20}{2} = -10 \]

We need to check if both values satisfy the original conditions. For \( m = 2 \):
\[ x_1 + x_2 = 2(2+1) = 6 \]
\[ x_1 x_2 = 2^2 - 3 = 4 - 3 = 1 \]
\[ x_1^2 + x_2^2 - x_1 x_2 = 6^2 - 2 \cdot 1 = 36 - 2 = 34 \neq 33 \]

For \( m = -10 \):
\[ x_1 + x_2 = 2(-10+1) = 2(-9) = -18 \]
\[ x_1 x_2 = (-10)^2 - 3 = 100 - 3 = 97 \]
\[ x_1^2 + x_2^2 - x_1 x_2 = (-18)^2 - 3 \cdot 97 = 324 - 291 = 33 \]

Thus, the correct value is \( m = -10 \).

Final answer: -10"
train-002353,unusually_short_reasoning,unknown,190,150,parsed_explicit,92,"Paul's grades last semester were very bad. To encourage him, Paul's dad promised him $5 for every B+ he gets in his next scorecard and twice that amount for every A. If Paul obtains at least two A+ he'll double the previous rewards and would receive a flat $15 for every A+ obtained (with no extra bonus). If there are 10 courses with grades in Paul's scorecard, what's the maximum amount he could receive from his dad?","To maximize the reward, Paul should aim to get the highest possible grades, which are A+. Since there are 10 courses, the maximum number of A+ grades he can get is 10.

For each A+, the reward is $15. Therefore, for 10 A+ grades, the total reward is:

\[ 10 \times 15 = 150 \]

Final answer: 150"
train-002536,unusually_long_reasoning,algebra,-32,0,parsed_explicit,1020,"Let \( f(x) = x^3 - 2x^2 + 4 \). Suppose \( g \) is a cubic polynomial such that \( g(0) = 2 \), and the roots of \( g \) are the squares of the roots of \( f \). Find \( g(4) \).","To find \( g(4) \), we first need to determine the roots of the polynomial \( f(x) = x^3 - 2x^2 + 4 \). Let's denote the roots of \( f(x) \) by \( r_1, r_2, r_3 \). The polynomial \( g(x) \) has roots \( r_1^2, r_2^2, r_3^2 \). We know that \( g(0) = 2 \), so the constant term of \( g(x) \) is 2.

The polynomial \( f(x) \) can be written in terms of its roots as:
\[ f(x) = (x - r_1)(x - r_2)(x - r_3) \]
Expanding this, we get:
\[ f(x) = x^3 - (r_1 + r_2 + r_3)x^2 + (r_1r_2 + r_2r_3 + r_3r_1)x - r_1r_2r_3 \]
From Vieta's formulas, we know:
\[ r_1 + r_2 + r_3 = 2 \]
\[ r_1r_2 + r_2r_3 + r_3r_1 = 0 \]
\[ r_1r_2r_3 = -4 \]

Now, consider the polynomial \( g(x) \):
\[ g(x) = k(x - r_1^2)(x - r_2^2)(x - r_3^2) \]
Since \( g(0) = 2 \), we have:
\[ g(0) = k(-r_1^2)(-r_2^2)(-r_3^2) = k(r_1r_2r_3)^2 = k(-4)^2 = 16k = 2 \]
Thus, \( k = \frac{1}{8} \), and the polynomial \( g(x) \) is:
\[ g(x) = \frac{1}{8}(x - r_1^2)(x - r_2^2)(x - r_3^2) \]

We need to find \( g(4) \):
\[ g(4) = \frac{1}{8}(4 - r_1^2)(4 - r_2^2)(4 - r_3^2) \]
To find \( (4 - r_1^2)(4 - r_2^2)(4 - r_3^2) \), we use the identity for the product of differences of squares:
\[ (4 - r_1^2)(4 - r_2^2)(4 - r_3^2) = 16 - 4(r_1^2 + r_2^2 + r_3^2) + (r_1^2r_2^2 + r_2^2r_3^2 + r_3^2r_1^2) - r_1^2r_2^2r_3^2 \]
We already know \( r_1^2r_2^2r_3^2 = (-4)^2 = 16 \). To find \( r_1^2 + r_2^2 + r_3^2 \) and \( r_1^2r_2^2 + r_2^2r_3^2 + r_3^2r_1^2 \), we use:
\[ r_1^2 + r_2^2 + r_3^2 = (r_1 + r_2 + r_3)^2 - 2(r_1r_2 + r_2r_3 + r_3r_1) = 2^2 - 2 \cdot 0 = 4 \]
\[ r_1^2r_2^2 + r_2^2r_3^2 + r_3^2r_1^2 = (r_1r_2 + r_2r_3 + r_3r_1)^2 - 2r_1r_2r_3(r_1 + r_2 + r_3) = 0^2 - 2(-4)(2) = 16 \]
Thus,
\[ (4 - r_1^2)(4 - r_2^2)(4 - r_3^2) = 16 - 4 \cdot 4 + 16 - 16 = 0 \]
Therefore,
\[ g(4) = \frac{1}{8} \cdot 0 = 0 \]
Final answer: 0"
train-003195,unusually_long_reasoning,unknown,178,401,parsed_explicit,1011,How many binary strings of length $10$ do not contain the substrings $101$ or $010$?,"To solve this, we can use a dynamic programming approach to count the number of valid binary strings of length 10 that do not contain the substrings ""101"" or ""010"". Let's define:

- $a_n$: The number of valid binary strings of length $n$ ending in 0.
- $b_n$: The number of valid binary strings of length $n$ ending in 10.
- $c_n$: The number of valid binary strings of length $n$ ending in 1.

The total number of valid binary strings of length $n$ is then $a_n + b_n + c_n$. We can derive the following recurrence relations based on the constraints:

- A string ending in 0 can be formed by appending 0 to any valid string of length $n-1$ ending in 0, 1, or 10. So, $a_{n} = a_{n-1} + b_{n-1} + c_{n-1}$.
- A string ending in 10 can only be formed by appending 10 to any valid string of length $n-2$ ending in 0. So, $b_{n} = a_{n-2}$.
- A string ending in 1 can be formed by appending 1 to any valid string of length $n-1$ ending in 0 or 10. So, $c_{n} = a_{n-1} + b_{n-1}$.

We need initial conditions:
- For $n=1$, the valid strings are ""0"" and ""1"", so $a_1 = 1$, $b_1 = 0$, $c_1 = 1$.
- For $n=2$, the valid strings are ""00"", ""10"", and ""11"", so $a_2 = 2$, $b_2 = 1$, $c_2 = 1$.

Using these relations, we can compute up to $n=10$:

- $a_3 = a_2 + b_2 + c_2 = 2 + 1 + 1 = 4$
- $b_3 = a_1 = 1$
- $c_3 = a_2 + b_2 = 2 + 1 = 3$
- $a_4 = a_3 + b_3 + c_3 = 4 + 1 + 3 = 8$
- $b_4 = a_2 = 2$
- $c_4 = a_3 + b_3 = 4 + 1 = 5$
- $a_5 = a_4 + b_4 + c_4 = 8 + 2 + 5 = 15$
- $b_5 = a_3 = 4$
- $c_5 = a_4 + b_4 = 8 + 2 = 10$
- $a_6 = a_5 + b_5 + c_5 = 15 + 4 + 10 = 29$
- $b_6 = a_4 = 8$
- $c_6 = a_5 + b_5 = 15 + 4 = 19$
- $a_7 = a_6 + b_6 + c_6 = 29 + 8 + 19 = 56$
- $b_7 = a_5 = 15$
- $c_7 = a_6 + b_6 = 29 + 8 = 37$
- $a_8 = a_7 + b_7 + c_7 = 56 + 15 + 37 = 108$
- $b_8 = a_6 = 29$
- $c_8 = a_7 + b_7 = 56 + 15 = 71$
- $a_9 = a_8 + b_8 + c_8 = 108 + 29 + 71 = 208$
- $b_9 = a_7 = 56$
- $c_9 = a_8 + b_8 = 108 + 29 = 137$
- $a_{10} = a_9 + b_9 + c_9 = 208 + 56 + 137 = 401$

Thus, the number of binary strings of length 10 that do not contain the substrings ""101"" or ""010"" is $401$. Final answer: 401"
train-003732,well_formed_wrong_answer,unknown,9,0,parsed_explicit,225,"Let x and y be sets of integers, where x # y denotes the set of integers that belong to set x or set y, but not both. If x consists of 12 integers, y consists of 15 integers, and 9 of the integers are in both x and y, then how many integers does x # y consist of?","To find the number of integers in \(x \# y\), we use the principle of inclusion-exclusion for the union of two sets and subtract twice the intersection (since \(x \# y\) excludes elements in both sets):

- The total number of elements in \(x \cup y\) is given by \(|x| + |y| - |x \cap y|\).
- Here, \(|x| = 12\), \(|y| = 15\), and \(|x \cap y| = 9\).

So, \(|x \cup y| = 12 + 15 - 9 = 18\).

The set \(x \# y\) contains elements that are in either \(x\) or \(y\) but not in both. This is calculated as:
\[ |x \# y| = |x \cup y| - 2|x \cap y| = 18 - 2 \times 9 = 18 - 18 = 0. \]

Final answer: 0"
train-004493,max_token_related,unknown,36,94,parsed_fallback,1024,"1. We will call a number ""remarkable"" if it has exactly 4 distinct natural divisors, and among them, there are two such that neither is a multiple of the other. How many ""remarkable"" two-digit numbers exist?","To determine how many ""remarkable"" two-digit numbers exist, we need to understand the structure of such numbers based on their divisors.

A number \( n \) with exactly 4 distinct natural divisors can have one of two forms:
1. \( n = p^3 \), where \( p \) is a prime number.
2. \( n = pq \), where \( p \) and \( q \) are distinct prime numbers.

We will analyze each case separately:

### Case 1: \( n = p^3 \)
For \( n \) to be a two-digit number, \( p^3 \) must be between 10 and 99. Let's find the possible values for \( p \):
- If \( p = 2 \), then \( p^3 = 8 \) (not in range).
- If \( p = 3 \), then \( p^3 = 27 \) (in range).
- If \( p = 5 \), then \( p^3 = 125 \) (out of range).

Thus, the only valid value for \( p \) in this form is 3, giving us \( n = 27 \). This number has divisors 1, 3, 9, 27. Here, 3 and 9 are distinct and neither is a multiple of the other.

### Case 2: \( n = pq \)
For \( n \) to be a two-digit number, \( pq \) must be between 10 and 99. We need to ensure that among the divisors \( 1, p, q, pq \), there are two distinct divisors \( p \) and \( q \) such that neither is a multiple of the other.

Let's check possible pairs \((p, q)\):
- If \( p = 2 \), then \( q \) must be odd and greater than 2. Possible values for \( q \) are 3, 5, 7, 11, 13, 17, 19, 23, 29, 31, 37, 41, 43, 47, 53, 59, 61, 67, 71, 73, 79, 83, 89, 97.
  - For \( q = 3 \), \( n = 6 \) (divisors: 1, 2, 3, 6).
  - For \( q = 5 \), \( n = 10 \) (divisors: 1, 2, 5, 10).
  - For \( q = 7 \), \( n = 14 \) (divisors: 1, 2, 7, 14).
  - For \( q = 11 \), \( n = 22 \) (divisors: 1, 2, 11, 22).
  - For \( q = 13 \), \( n = 26 \) (divisors: 1, 2, 13, 26).
  - For \( q = 17 \), \( n = 34 \) (divisors: 1, 2, 17, 34).
  - For \( q = 19 \), \( n = 38 \) (divisors: 1, 2, 19, 38).
  - For \( q = 23 \), \( n = 46 \) (divisors: 1, 2, 23, 46).
  - For \( q = 29 \), \( n = 58 \) (divisors: 1, 2, 29, 58).
  - For \( q = 31 \), \( n = 62 \) (divisors: 1, 2, 31, 62).
  - For \( q = 37 \), \( n = 74 \) (divisors: 1, 2, 37, 74).
  - For \( q = 41 \), \( n = 82 \) (divisors: 1, 2, 41, 82).
  - For \( q = 43 \), \( n = 86 \) (divisors: 1, 2, 43, 86).
  - For \( q = 47 \), \( n = 94 \) (divisors: 1, 2, 47, 94).
  - For \( q"
train-004962,max_token_related,unknown,1985,56,parsed_fallback,1024,"\%In the Cartesian coordinate system $x O y$, the coordinates of points $A\left(x_{1}, y_{1}\right)$ and $B\left(x_{2}, y_{2}\right)$ are both one-digit positive integers, the angle between $O A$ and the positive direction of the $x$-axis is greater than $45^{\circ}$, the angle between $O B$ and the positive direction of the $x$-axis is less than $45^{\circ}$, the projection of $B$ on the $x$-axis is $B^{\prime}$, the projection of $A$ on the $y$-axis is $A^{\prime}$, the area of $\triangle O B^{\prime} B$ is 33.5 more than the area of $\triangle O A^{\prime} A$. The four-digit number $\overline{x_{1} x_{2} y_{2} y_{1}}=x_{1} \cdot 10^{3}+x_{2} \cdot 10^{2}+y_{2} \cdot 10 + y_{1}$. Try to find all such four-digit numbers, and write out the solution process.","To solve this problem, we need to carefully analyze the given conditions and use geometric properties of triangles and projections.

Firstly, let's denote the coordinates of points \(A\) and \(B\) as \(A(x_1, y_1)\) and \(B(x_2, y_2)\). The projections of these points on the axes are:
- For point \(A\), the projection on the \(y\)-axis is \(A'(0, y_1)\).
- For point \(B\), the projection on the \(x\)-axis is \(B'(x_2, 0)\).

The areas of the triangles \(\triangle O B' B\) and \(\triangle O A' A\) can be calculated using the formula for the area of a triangle with vertices at \((0,0)\), \((x_2, 0)\), and \((x_2, y_2)\):
\[ \text{Area of } \triangle O B' B = \frac{1}{2} \times |x_2| \times |y_2|. \]
Since \(x_2\) and \(y_2\) are positive digits, this simplifies to:
\[ \text{Area of } \triangle O B' B = \frac{1}{2} x_2 y_2. \]

Similarly, the area of \(\triangle O A' A\) is:
\[ \text{Area of } \triangle O A' A = \frac{1}{2} \times |x_1| \times |y_1|. \]
Since \(x_1\) and \(y_1\) are positive digits, this simplifies to:
\[ \text{Area of } \triangle O A' A = \frac{1}{2} x_1 y_1. \]

According to the problem, the area of \(\triangle O B' B\) is 33.5 more than the area of \(\triangle O A' A\):
\[ \frac{1}{2} x_2 y_2 = \frac{1}{2} x_1 y_1 + 33.5. \]
Multiplying through by 2 gives:
\[ x_2 y_2 = x_1 y_1 + 67. \]

Next, we need to consider the angles between the lines \(OA\) and \(OB\). The angle between \(OA\) and the positive \(x\)-axis is greater than \(45^\circ\) if \(y_1 > x_1\), and the angle between \(OB\) and the positive \(x\)-axis is less than \(45^\circ\) if \(y_2 < x_2\).

We now test possible values for \(x_1, y_1, x_2,\) and \(y_2\) that satisfy both the equation \(x_2 y_2 = x_1 y_1 + 67\) and the angle conditions.

Testing small values:
- If \(x_1 = 8\) and \(y_1 = 9\), then \(x_1 y_1 = 72\). We need \(x_2 y_2 = 72 + 67 = 139\). The factor pairs of 139 are (1, 139) and (139, 1), but since \(x_2\) and \(y_2\) are single digits, there are no valid pairs.
- If \(x_1 = 9\) and \(y_1 = 8\), then \(x_1 y_1 = 72\). We need \(x_2 y_2 = 72 + 67 = 139\). Again, no valid pairs.
- If \(x_1 = 7\) and \(y_1 = 9\), then \(x_1 y_1 = 63\). We need \(x_2 y_2 = 63 + 67 = 130\). No valid pairs.
- If \(x_1 = 8\) and \(y_1 = 7\), then \(x_1 y_1 = 56\). We need \(x_2 y_2 = 56 + 67 = 123\). No valid pairs.
- If \(x_1 = 9\) and \(y_1 = 7\), then \(x_1 y_1 = 63\). We need \(x_2 y_2 = 63 + 67 = 130\). No valid pairs.
- If \(x_1 = 7\) and \(y_1 = 8\), then \(x_1 y_1 = 56\"
train-005100,unusually_long_reasoning,unknown,64,111,parsed_explicit,1024,"Let the sum of the first $n$ terms of an arithmetic sequence $\{a_n\}$ be $S_n$. If $a_2+a_4+a_9=24$, then the maximum value of $\dfrac{S_8}{8} \cdot \dfrac{S_{10}}{10}$ is ______.","Given that $a_2 + a_4 + a_9 = 24$, we can express this in terms of the first term $a_1$ and common difference $d$ of the arithmetic sequence. The terms can be written as:
\[a_2 = a_1 + d, \quad a_4 = a_1 + 3d, \quad a_9 = a_1 + 8d.\]
Thus,
\[a_2 + a_4 + a_9 = (a_1 + d) + (a_1 + 3d) + (a_1 + 8d) = 3a_1 + 12d = 24.\]
Dividing both sides by 3 gives:
\[a_1 + 4d = 8.\]

The sum of the first $n$ terms of an arithmetic sequence is given by:
\[S_n = \frac{n}{2}(2a_1 + (n-1)d).\]
We need to find the maximum value of $\frac{S_8}{8} \cdot \frac{S_{10}}{10}$. First, let's express $S_8$ and $S_{10}$:
\[S_8 = \frac{8}{2}(2a_1 + 7d) = 4(2a_1 + 7d) = 8a_1 + 28d,\]
\[S_{10} = \frac{10}{2}(2a_1 + 9d) = 5(2a_1 + 9d) = 10a_1 + 45d.\]
Then,
\[\frac{S_8}{8} = a_1 + \frac{7d}{2},\]
\[\frac{S_{10}}{10} = a_1 + \frac{9d}{2}.\]
Therefore,
\[\frac{S_8}{8} \cdot \frac{S_{10}}{10} = \left(a_1 + \frac{7d}{2}\right)\left(a_1 + \frac{9d}{2}\right) = a_1^2 + \frac{16a_1d}{2} + \frac{63d^2}{4} = a_1^2 + 8a_1d + \frac{63d^2}{4}.\]
From $a_1 + 4d = 8$, we have $a_1 = 8 - 4d$. Substituting $a_1$ into the expression, we get:
\[a_1^2 + 8a_1d + \frac{63d^2}{4} = (8 - 4d)^2 + 8(8 - 4d)d + \frac{63d^2}{4}.\]
Expanding and simplifying:
\[(8 - 4d)^2 = 64 - 64d + 16d^2,\]
\[8(8 - 4d)d = 64d - 32d^2,\]
\[\frac{63d^2}{4} = \frac{63d^2}{4}.\]
Combining these, we get:
\[64 - 64d + 16d^2 + 64d - 32d^2 + \frac{63d^2}{4} = 64 - \frac{16d^2}{4} + \frac{63d^2}{4} = 64 + \frac{47d^2}{4}.\]
To maximize this expression, we note that it is a quadratic function in $d$ and achieves its minimum at $d = 0$. However, since we are looking for the maximum value, we consider the boundary values. When $d = 0$, $a_1 = 8$, and when $d = -2$, $a_1 = 16$. Evaluating at these points:
For $d = 0$, $a_1 = 8$, so the expression becomes:
\[64 + \frac{47 \cdot 0^2}{4} = 64.\]
For $d = -2$, $a_1 = 16$, so the expression becomes:
\[64 + \frac{47 \cdot (-2)^2}{4} = 64 + \frac{188}{4} = 64 + 47 = 111.\]
The maximum value is 111. Thus, the final answer is:
Final answer: 111"
train-005847,well_formed_wrong_answer,word_problem,12,4,parsed_explicit,112,"Winston had some gallons of gas in his car's gas tank. He drives to the store and uses 6 gallons of gas. Then he drives to the doctor's office and uses 2 gallons of gas. If the tank can hold up to 12 gallons of gas, how many gallons of gas did Winston have in his car's gas tank initially?","To find out how many gallons of gas Winston had initially, we need to add the amount of gas he used to the amount he has left.

He used 6 gallons to drive to the store and 2 gallons to drive to the doctor's office, which totals:

6 + 2 = 8 gallons used

The tank can hold up to 12 gallons, so if he has 8 gallons left after using 8 gallons, then initially he must have had:

12 - 8 = 4 gallons

Final answer: 4"
train-007067,unusually_short_reasoning,unknown,40,55,parsed_explicit,75,"The Doubtfire sisters are driving home with 7 kittens adopted from the local animal shelter when their mother calls to inform them that their two house cats have just had kittens. She says that Patchy, the first cat, has had thrice the number of adopted kittens, while Trixie, the other cat, has had 12. How many kittens does the Doubtfire family now have?","First, calculate the number of kittens Patchy had: 3 * 12 = 36 kittens.
Then, add the number of adopted kittens: 36 + 7 = 43 kittens.
Finally, add the number of house cats' kittens: 43 + 12 = 55 kittens.

Final answer: 55"
train-007116,well_formed_wrong_answer,unknown,51,15,parsed_explicit,659,"Let $A=(0,0)$ and $B=(b,2)$ be points on the coordinate plane. Let $ABCDEF$ be a convex equilateral hexagon such that $\angle FAB=120^\circ,$ $\overline{AB}\parallel \overline{DE},$ $\overline{BC}\parallel \overline{EF,}$ $\overline{CD}\parallel \overline{FA},$ and the y-coordinates of its vertices are distinct elements of the set $\{0,2,4,6,8,10\}.$ The area of the hexagon can be written in the form $m\sqrt{n},$ where $m$ and $n$ are positive integers and n is not divisible by the square of any prime. Find $m+n.$","To solve this problem, we need to determine the side length of the hexagon and then calculate its area.

Given that \( A = (0, 0) \) and \( B = (b, 2) \), the distance \( AB \) is:
\[ AB = \sqrt{b^2 + 2^2} = \sqrt{b^2 + 4}. \]

Since \( ABCDEF \) is an equilateral hexagon, each side has the same length. Let's denote the side length by \( s \). Since \( \overline{AB} \parallel \overline{DE} \), \( \overline{BC} \parallel \overline{EF} \), and \( \overline{CD} \parallel \overline{FA} \), the hexagon can be visualized as having a specific pattern of parallel sides.

The coordinates of the vertices must satisfy the given conditions. We know the y-coordinates of the vertices are distinct elements of the set \(\{0, 2, 4, 6, 8, 10\}\). Given the symmetry and the fact that \( \angle FAB = 120^\circ \), we can infer the positions of the vertices.

By examining the possible configurations, we find that the vertices can be placed at:
\[ A = (0, 0), B = (b, 2), C = (b + s, 4), D = (b + 2s, 6), E = (b + 3s, 8), F = (b + 4s, 10). \]

Since \( AB = s \), we have:
\[ s = \sqrt{b^2 + 4}. \]

Next, we need to determine the value of \( b \). By considering the placement of the vertices and the fact that the y-coordinates are distinct and within the set \(\{0, 2, 4, 6, 8, 10\}\), we can deduce that \( b = 2 \). This gives us:
\[ s = \sqrt{2^2 + 4} = \sqrt{8} = 2\sqrt{2}. \]

Now, we can calculate the area of the hexagon. An equilateral hexagon can be divided into 6 equilateral triangles. The area of one equilateral triangle with side length \( s \) is:
\[ \text{Area of one triangle} = \frac{\sqrt{3}}{4} s^2 = \frac{\sqrt{3}}{4} (2\sqrt{2})^2 = \frac{\sqrt{3}}{4} \cdot 8 = 2\sqrt{3}. \]

Thus, the total area of the hexagon is:
\[ \text{Total Area} = 6 \times 2\sqrt{3} = 12\sqrt{3}. \]

Therefore, \( m = 12 \) and \( n = 3 \), so \( m + n = 15 \).

Final answer: 15"
train-007517,parse_failure,algebra,-4,,parse_failure_conflict,481,$(1)$ Solve the equation using the formula: $3x^{2}-6x-2=0$;$(2)$ Solve the equation using factoring: $x^{2}+6x+8=0$.,"To solve the given equations, we will follow a step-by-step approach for each part.

### Part 1: Solving $3x^2 - 6x - 2 = 0$ using the quadratic formula

The quadratic formula is given by:
\[ x = \frac{-b \pm \sqrt{b^2 - 4ac}}{2a} \]

For the equation $3x^2 - 6x - 2 = 0$, we have:
- $a = 3$
- $b = -6$
- $c = -2$

First, calculate the discriminant $\Delta$:
\[ \Delta = b^2 - 4ac = (-6)^2 - 4(3)(-2) = 36 + 24 = 60 \]

Now, apply the quadratic formula:
\[ x = \frac{-(-6) \pm \sqrt{60}}{2(3)} = \frac{6 \pm \sqrt{60}}{6} = \frac{6 \pm 2\sqrt{15}}{6} = \frac{3 \pm \sqrt{15}}{3} \]

So the solutions are:
\[ x_1 = \frac{3 + \sqrt{15}}{3}, \quad x_2 = \frac{3 - \sqrt{15}}{3} \]

Final answer: 2

### Part 2: Solving $x^2 + 6x + 8 = 0$ using factoring

We need to factorize the quadratic expression $x^2 + 6x + 8$. We look for two numbers that multiply to 8 and add up to 6. These numbers are 4 and 2.

Thus, we can write:
\[ x^2 + 6x + 8 = (x + 4)(x + 2) \]

Setting each factor equal to zero gives us the solutions:
\[ x + 4 = 0 \implies x = -4 \]
\[ x + 2 = 0 \implies x = -2 \]

So the solutions are:
\[ x_1 = -4, \quad x_2 = -2 \]

Final answer: -4"
train-008954,parse_failure,geometry,81,,parse_failure_conflict,291,"Let $a$ and $b$ both represent rational numbers. A new operation ""$\triangle$"" is defined as follows: when $a \geq b$, $a\triangle b = b^{2}$; when $a < b$, $a\triangle b = 2a - b$. For example, $1\triangle 2 = 2 \times 1 - 2$, $3\triangle (-2) = (-2)^{2} = 4$. Find the values of the following:
1. $\left(-4\right)\triangle \left(-5\right)$
2. $\left(-3\triangle 2\right)\triangle \left(-9\right)$.","To solve the given problems, we need to carefully apply the definition of the operation ""$\triangle$"".

### Problem 1: $\left(-4\right)\triangle \left(-5\right)$

According to the definition, if $a \geq b$, then $a \triangle b = b^2$. Here, $-4 \geq -5$, so we use the first part of the definition:
\[
-4 \triangle -5 = (-5)^2 = 25.
\]
Thus, the value is:
\[
\boxed{25}.
\]

### Problem 2: $\left(-3\triangle 2\right)\triangle \left(-9\right)$

First, we need to evaluate $-3 \triangle 2$. According to the definition, since $-3 < 2$, we use the second part of the definition:
\[
-3 \triangle 2 = 2(-3) - 2 = -6 - 2 = -8.
\]
Now we need to evaluate $-8 \triangle -9$. Since $-8 < -9$, we again use the second part of the definition:
\[
-8 \triangle -9 = 2(-8) - (-9) = -16 + 9 = -7.
\]
Thus, the value is:
\[
\boxed{-7}.
\]"
train-008989,parse_failure,unknown,1,,parse_failure_conflict,697,"Calculate the following expressions:

1. $\sqrt {3} \times 612 \times 3 \frac {3}{2}$
2. $\lg ^{2}5 - \lg ^{2}2 + \lg 4$","To solve the given expressions, we will break them down step by step.

### Expression 1: \(\sqrt{3} \times 612 \times 3 \frac{3}{2}\)

First, convert the mixed number \(3 \frac{3}{2}\) to an improper fraction:
\[3 \frac{3}{2} = \frac{3 \times 2 + 3}{2} = \frac{9}{2}\]

Now substitute this back into the expression:
\[\sqrt{3} \times 612 \times \frac{9}{2}\]

Next, simplify the multiplication:
\[\sqrt{3} \times 612 \times \frac{9}{2} = \sqrt{3} \times 612 \times 4.5 = \sqrt{3} \times 2754\]

Since \(\sqrt{3} \approx 1.732\), we can approximate the value:
\[1.732 \times 2754 \approx 4780.728\]

However, since the problem asks for the final answer as an integer, we need to recognize that the exact form is preferred unless otherwise specified. The exact value is:
\[2754 \sqrt{3}\]

But if we are to provide an integer approximation, it would be:
Final answer: 4781

### Expression 2: \(\lg^2 5 - \lg^2 2 + \lg 4\)

We use the properties of logarithms to simplify the expression. Recall that \(\lg 4 = \lg (2^2) = 2 \lg 2\). So the expression becomes:
\[\lg^2 5 - \lg^2 2 + 2 \lg 2\]

We can rewrite \(\lg^2 5 - \lg^2 2\) using the difference of squares:
\[\lg^2 5 - \lg^2 2 = (\lg 5 - \lg 2)(\lg 5 + \lg 2)\]

Using the property of logarithms \(\lg a - \lg b = \lg \left(\frac{a}{b}\right)\) and \(\lg a + \lg b = \lg (ab)\), we get:
\[\lg 5 - \lg 2 = \lg \left(\frac{5}{2}\right)\]
\[\lg 5 + \lg 2 = \lg (5 \cdot 2) = \lg 10 = 1\]

So the expression simplifies to:
\[(\lg \left(\frac{5}{2}\right)) \cdot 1 + 2 \lg 2 = \lg \left(\frac{5}{2}\right) + 2 \lg 2\]

Since \(\lg \left(\frac{5}{2}\right) = \lg 5 - \lg 2\), we have:
\[\lg 5 - \lg 2 + 2 \lg 2 = \lg 5 + \lg 2 = \lg 10 = 1\]

Thus, the value of the expression is:
Final answer: 1"
train-009428,parse_failure,unknown,5,,parse_failure_conflict,340,"(1) Simplify and then evaluate: $3x^2y-[2xy^2-2(xy-1.5x^2y)+xy]+3xy^2$, where $x=-3$, $y=-2$;  
(2) Simplify and then evaluate: $(2x+3y)-4y-(3x-2y)$, where $x=-3$, $y=2$.","For the first expression:

Step 1: Distribute and simplify inside the brackets.
\begin{align*}
3x^2y-[2xy^2-2(xy-1.5x^2y)+xy]+3xy^2 &= 3x^2y-[2xy^2-2xy+3x^2y+xy]+3xy^2 \\
&= 3x^2y-2xy^2+2xy-3x^2y-xy+3xy^2 \\
&= xy^2+xy
\end{align*}

Step 2: Substitute $x = -3$ and $y = -2$ into the simplified expression.
\begin{align*}
xy^2 + xy &= (-3)(-2)^2 + (-3)(-2) \\
&= (-3)(4) + 6 \\
&= -12 + 6 \\
&= -6
\end{align*}

Final answer: -6

For the second expression:

Step 1: Distribute and simplify the expression.
\begin{align*}
(2x+3y)-4y-(3x-2y) &= 2x+3y-4y-3x+2y \\
&= -x+y
\end{align*}

Step 2: Substitute $x = -3$ and $y = 2$ into the simplified expression.
\begin{align*}
-x+y &= -(-3)+2 \\
&= 3+2 \\
&= 5
\end{align*}

Final answer: 5"
train-009459,unusually_short_reasoning,algebra,4,3,parsed_explicit,73,"Below is a portion of the graph of a function, $y=E(x)$:

[asy]
import graph; size(8cm); real lsf=0.5; pen dps=linewidth(0.7)+fontsize(10); defaultpen(dps); pen ds=black; real xmin=-4.5,xmax=4.5,ymin=-0.99,ymax=6.5;

pen cqcqcq=rgb(0.75,0.75,0.75);
/*grid*/ pen gs=linewidth(0.7)+cqcqcq+linetype(""2 2""); real gx=1,gy=1;
for(real i=ceil(xmin/gx)*gx;i<=floor(xmax/gx)*gx;i+=gx) draw((i,ymin)--(i,ymax),gs); for(real i=ceil(ymin/gy)*gy;i+=gy) draw((xmin,i)--(xmax,i),gs);

Label laxis; laxis.p=fontsize(10);

xaxis("""",xmin,xmax,Ticks(laxis,Step=1.0,Size=2,NoZero),Arrows(6),above=true); yaxis("""",ymin,ymax,Ticks(laxis,Step=1.0,Size=2,NoZero),Arrows(6),above=true);
real f1(real x){return sqrt(abs(x+1))+(9/pi)*atan(sqrt(abs(x)));}
draw(graph(f1,xmin,xmax),linewidth(1));
clip((xmin,ymin)--(xmin,ymax)--(xmax,ymax)--(xmax,ymin)--cycle);
label(""$y=E(x)$"",(xmax+0.25,f1(xmax)),E);
[/asy]

Given this graph, determine the value of $E(-3)$.","To find the value of \( E(-3) \), we need to locate the point on the graph where \( x = -3 \).

From the graph, we can see that when \( x = -3 \), the corresponding \( y \)-value (which is \( E(-3) \)) is approximately 3.

Final answer: 3"
train-009747,unusually_short_reasoning,unknown,24,48,parsed_explicit,83,"If Nedy can consume 8 packs of crackers from Monday to Thursday, and on Friday, he ate twice the amount, what is the total number of crackers that Nedy consumed?","From Monday to Thursday, Nedy consumes 8 packs per day, so for 4 days it's 8 * 4 = 32 packs.

On Friday, he eats twice the amount, which is 8 * 2 = 16 packs.

So, the total number of crackers consumed is 32 + 16 = 48 packs.

Final answer: 48"
train-010683,well_formed_wrong_answer,unknown,989,999,parsed_explicit,711,"The arithmetic progressions $\{3, 7, 11, 15, \ldots\}$ and $\{5, 12, 19, 26, \ldots \}$ have some common values. What is the largest value less than 1000 that they have in common?","To find the common terms of the two arithmetic progressions, we start by defining the general terms of each sequence.

For the first arithmetic progression:
- The first term \(a_1 = 3\)
- The common difference \(d_1 = 4\)

Thus, the \(n\)-th term of this sequence can be written as:
\[ a_n = 3 + (n-1) \cdot 4 = 4n - 1 \]

For the second arithmetic progression:
- The first term \(b_1 = 5\)
- The common difference \(d_2 = 7\)

Thus, the \(m\)-th term of this sequence can be written as:
\[ b_m = 5 + (m-1) \cdot 7 = 7m - 2 \]

We need to find the common terms, i.e., values of \(k\) such that:
\[ 4n - 1 = 7m - 2 \]
Rearranging gives:
\[ 4n - 7m = -1 \]

This is a linear Diophantine equation. To solve it, we look for particular solutions. We can try small values of \(n\) and \(m\) to find one solution:

Let's try \(n = 3\):
\[ 4(3) - 7m = -1 \]
\[ 12 - 7m = -1 \]
\[ 13 = 7m \]
\[ m = \frac{13}{7} \] (not an integer)

Next, let's try \(n = 5\):
\[ 4(5) - 7m = -1 \]
\[ 20 - 7m = -1 \]
\[ 21 = 7m \]
\[ m = 3 \]

So, \((n, m) = (5, 3)\) is a particular solution. The general solution to the equation \(4n - 7m = -1\) is given by:
\[ n = 5 + 7k \]
\[ m = 3 + 4k \]
for any integer \(k\).

Now, we need to find the largest common term less than 1000. Using the general form of the terms from both sequences:
\[ 4n - 1 < 1000 \]
\[ 4(5 + 7k) - 1 < 1000 \]
\[ 20 + 28k - 1 < 1000 \]
\[ 19 + 28k < 1000 \]
\[ 28k < 981 \]
\[ k < \frac{981}{28} \approx 35.0357 \]

The largest integer \(k\) is 35. Substituting \(k = 35\) into the general term formula:
\[ n = 5 + 7 \cdot 35 = 5 + 245 = 250 \]
\[ 4n - 1 = 4(250) - 1 = 1000 - 1 = 999 \]

Thus, the largest value less than 1000 that they have in common is:
Final answer: 999"
train-012179,well_formed_wrong_answer,number_theory,70,82,parsed_explicit,593,"The sum of 99 consecutive natural numbers equals $abcd$, where $a$, $b$, $c$, and $d$ are all prime numbers. What is the minimum value of $a+b+c+d$?","To find the sum of 99 consecutive natural numbers, we can use the formula for the sum of an arithmetic series. The sum \( S \) of \( n \) terms of an arithmetic series starting from \( a \) with common difference \( d \) is given by:

\[ S = \frac{n}{2} (2a + (n-1)d) \]

For 99 consecutive natural numbers, let's denote the first number by \( x \). Then the sum of these numbers is:

\[ S = \frac{99}{2} (2x + 98) = 99(x + 49) \]

We need this sum to be a four-digit number \( abcd \), where \( a, b, c, \) and \( d \) are all prime numbers. Since \( 99(x+49) \) must be a four-digit number, we have:

\[ 1000 \leq 99(x+49) \leq 9999 \]
\[ 10.1 \leq x + 49 \leq 100 \]
\[ 90.1 \leq x \leq 51 \]

Since \( x \) is a natural number, \( x \) ranges from 91 to 50. We will check the possible values of \( x \) to find the smallest possible sum \( abcd \).

Let's start with \( x = 91 \):

\[ 99(91 + 49) = 99 \times 140 = 13860 \]

The prime factors of 13860 are 2, 3, 5, 7, 11, and 13. However, 13860 is not a valid four-digit number since it does not consist only of prime digits.

Next, let's try \( x = 92 \):

\[ 99(92 + 49) = 99 \times 141 = 14049 \]

The prime factors of 14049 are 3, 7, 11, and 61. This is a valid four-digit number since it consists only of prime digits. Therefore, \( a = 3 \), \( b = 7 \), \( c = 11 \), and \( d = 61 \).

Now, we calculate \( a + b + c + d \):

\[ a + b + c + d = 3 + 7 + 11 + 61 = 82 \]

Thus, the minimum value of \( a + b + c + d \) is:

Final answer: 82"
train-012442,max_token_related,unknown,8,0,parsed_fallback,1024,"1's common left and right vertices, $P$ and $Q$ are moving points on the hyperbola and ellipse, respectively, different from $A$ and $B$, and satisfy: $\overrightarrow{A P}+\overrightarrow{B P}=\lambda(\widehat{A Q}+\overrightarrow{B Q})(\lambda \in \mathbf{R}$ and $|\lambda|>1)$. Let the slopes of the lines $A P$, $B P$, $A Q$, and $B Q$ be $k_{1}$, $k_{2}$, $k_{3}$, and $k_{4}$, respectively.
(1) Prove: $k_{1}+k_{2}+k_{3}+k_{4}=0$;
(2) Let $F_{1}$ and $F_{2}$ be the right foci of the ellipse and hyperbola, respectively. If $P F_{2} \parallel Q F_{1}$, find the value of $k_{1}^{2}+k_{2}^{2}+k_{3}^{2}+k_{4}^{2}$.","To solve this problem, we need to analyze the given conditions and use properties of conic sections and vectors.

### Part 1: Prove \( k_1 + k_2 + k_3 + k_4 = 0 \)

Given that \( P \) is a point on the hyperbola and \( Q \) is a point on the ellipse, and the condition \( \overrightarrow{AP} + \overrightarrow{BP} = \lambda (\overrightarrow{AQ} + \overrightarrow{BQ}) \) holds for some \( \lambda \in \mathbb{R} \) with \( |\lambda| > 1 \).

First, let's express the vectors in terms of coordinates. Assume \( A = (-a, 0) \), \( B = (a, 0) \), \( P = (x_1, y_1) \), and \( Q = (x_2, y_2) \). The vectors can be written as:
\[ \overrightarrow{AP} = (x_1 + a, y_1), \quad \overrightarrow{BP} = (x_1 - a, y_1), \]
\[ \overrightarrow{AQ} = (x_2 + a, y_2), \quad \overrightarrow{BQ} = (x_2 - a, y_2). \]

The given condition becomes:
\[ (x_1 + a, y_1) + (x_1 - a, y_1) = \lambda ((x_2 + a, y_2) + (x_2 - a, y_2)), \]
which simplifies to:
\[ (2x_1, 2y_1) = \lambda (2x_2, 2y_2), \]
or
\[ x_1 = \lambda x_2, \quad y_1 = \lambda y_2. \]

Now, the slopes \( k_1, k_2, k_3, k_4 \) are given by:
\[ k_1 = \frac{y_1}{x_1 - a}, \quad k_2 = \frac{y_1}{x_1 + a}, \]
\[ k_3 = \frac{y_2}{x_2 - a}, \quad k_4 = \frac{y_2}{x_2 + a}. \]

Substituting \( x_1 = \lambda x_2 \) and \( y_1 = \lambda y_2 \) into the expressions for the slopes, we get:
\[ k_1 = \frac{\lambda y_2}{\lambda x_2 - a} = \frac{y_2}{x_2 - \frac{a}{\lambda}}, \]
\[ k_2 = \frac{\lambda y_2}{\lambda x_2 + a} = \frac{y_2}{x_2 + \frac{a}{\lambda}}, \]
\[ k_3 = \frac{y_2}{x_2 - a}, \]
\[ k_4 = \frac{y_2}{x_2 + a}. \]

Thus,
\[ k_1 + k_2 + k_3 + k_4 = \frac{y_2}{x_2 - \frac{a}{\lambda}} + \frac{y_2}{x_2 + \frac{a}{\lambda}} + \frac{y_2}{x_2 - a} + \frac{y_2}{x_2 + a}. \]

Combining the fractions, we get:
\[ k_1 + k_2 + k_3 + k_4 = y_2 \left( \frac{(x_2 + \frac{a}{\lambda})(x_2 - a) + (x_2 - \frac{a}{\lambda})(x_2 + a)}{(x_2^2 - \left(\frac{a}{\lambda}\right)^2)(x_2^2 - a^2)} \right). \]

Simplifying the numerator:
\[ (x_2 + \frac{a}{\lambda})(x_2 - a) + (x_2 - \frac{a}{\lambda})(x_2 + a) = x_2^2 - a^2 + \frac{ax_2}{\lambda} - \frac{a^2}{\lambda} + x_2^2 - a^2 - \frac{ax_2}{\lambda} + \frac{a^2}{\lambda} = 2x_2^2 - 2a^2. \]

So,
\[ k_1 + k_2 + k_3 + k_4 = y_2"
train-012975,parse_failure,unknown,283,,parse_failure_conflict,825,"Use the ""Method of Mutual Subtraction"" to find the greatest common divisor (GCD) of the two numbers in (1); use the ""Euclidean Algorithm"" to find the GCD of the two numbers in (2). Use the Horner's method to calculate the value of the function $f(x) = x^5 + x^3 + x^2 + x + 1$ when $x = 3$.

(1) 72, 168;  
(2) 98, 280.","To solve the given problems, we will address each part step by step.

### Part (1): Using the Method of Mutual Subtraction to find the GCD of 72 and 168

The method of mutual subtraction involves repeatedly subtracting the smaller number from the larger number until the two numbers are equal. This equal number is the GCD.

1. Start with 168 and 72.
2. Subtract 72 from 168: \(168 - 72 = 96\).
3. Now we have 96 and 72. Subtract 72 from 96: \(96 - 72 = 24\).
4. Now we have 72 and 24. Subtract 24 from 72: \(72 - 24 = 48\).
5. Now we have 48 and 24. Subtract 24 from 48: \(48 - 24 = 24\).
6. Now we have 24 and 24. Since they are equal, the GCD is 24.

So, the GCD of 72 and 168 is \(\boxed{24}\).

### Part (2): Using the Euclidean Algorithm to find the GCD of 98 and 280

The Euclidean Algorithm involves repeated division and taking remainders until the remainder is zero. The last non-zero remainder is the GCD.

1. Divide 280 by 98: \(280 = 98 \cdot 2 + 84\). So, the remainder is 84.
2. Divide 98 by 84: \(98 = 84 \cdot 1 + 14\). So, the remainder is 14.
3. Divide 84 by 14: \(84 = 14 \cdot 6 + 0\). So, the remainder is 0.

Since the remainder is now 0, the GCD is the last non-zero remainder, which is 14.

So, the GCD of 98 and 280 is \(\boxed{14}\).

### Part (3): Using Horner's Method to calculate the value of the function \(f(x) = x^5 + x^3 + x^2 + x + 1\) at \(x = 3\)

Horner's method (also known as Horner's scheme or Horner's rule) simplifies polynomial evaluation. We rewrite the polynomial in nested form:

\[ f(x) = x^5 + x^3 + x^2 + x + 1 = (((((x) \cdot x + 0) \cdot x + 1) \cdot x + 1) \cdot x + 1) \cdot x + 1 \]

Now, substitute \(x = 3\):

1. Start with the innermost expression: \(3 \cdot 3 = 9\).
2. Add 0: \(9 + 0 = 9\).
3. Multiply by 3: \(9 \cdot 3 = 27\).
4. Add 1: \(27 + 1 = 28\).
5. Multiply by 3: \(28 \cdot 3 = 84\).
6. Add 1: \(84 + 1 = 85\).
7. Multiply by 3: \(85 \cdot 3 = 255\).
8. Add 1: \(255 + 1 = 256\).

So, the value of the function \(f(x) = x^5 + x^3 + x^2 + x + 1\) at \(x = 3\) is \(\boxed{256}\)."
train-012981,max_token_related,unknown,10100,2,parsed_fallback,1024,Find the number of integers $n$ such that $$ 1+\left\lfloor\frac{100 n}{101}\right\rfloor=\left\lceil\frac{99 n}{100}\right\rceil $$,"To solve the equation \(1 + \left\lfloor \frac{100n}{101} \right\rfloor = \left\lceil \frac{99n}{100} \right\rceil\), we start by letting \(k = \left\lfloor \frac{100n}{101} \right\rfloor\). This implies that \(k \leq \frac{100n}{101} < k+1\), or equivalently, \(101k \leq 100n < 101(k+1)\).

The equation then becomes:
\[1 + k = \left\lceil \frac{99n}{100} \right\rceil.\]
This means that:
\[1 + k \leq \frac{99n}{100} < 1 + k + 1,\]
or equivalently,
\[100(1 + k) \leq 99n < 100(1 + k + 1).\]
Since \(101k \leq 100n < 101(k+1)\), we can substitute \(100n\) in the inequality:
\[100(1 + k) \leq 99n < 100(1 + k + 1).\]
From \(101k \leq 100n < 101(k+1)\), we get:
\[100k \leq 99n < 100k + 100.\]
Combining these inequalities, we have:
\[100k \leq 99n < 100k + 100.\]
Dividing through by 99, we get:
\[\frac{100k}{99} \leq n < \frac{100k + 100}{99}.\]
Since \(n\) is an integer, the number of possible values for \(n\) is:
\[\left\lfloor \frac{100k + 100}{99} \right\rfloor - \left\lceil \frac{100k}{99} \right\rceil + 1.\]
We need to find the range of \(k\) such that this expression is non-negative. The smallest value of \(k\) is 0 and the largest value of \(k\) is 100 (since \(101k \leq 100n < 101(k+1)\) must hold for some integer \(n\)).

For each \(k\) from 0 to 100, the number of possible values for \(n\) is:
\[\left\lfloor \frac{100k + 100}{99} \right\rfloor - \left\lceil \frac{100k}{99} \right\rceil + 1.\]
We can simplify this expression. For \(k = 0\):
\[\left\lfloor \frac{100 \cdot 0 + 100}{99} \right\rfloor - \left\lceil \frac{100 \cdot 0}{99} \right\rceil + 1 = \left\lfloor \frac{100}{99} \right\rfloor - 0 + 1 = 1 - 0 + 1 = 2.\]
For \(k = 100\):
\[\left\lfloor \frac{100 \cdot 100 + 100}{99} \right\rfloor - \left\lceil \frac{100 \cdot 100}{99} \right\rceil + 1 = \left\lfloor \frac{1100}{99} \right\rfloor - 101 + 1 = 11 - 101 + 1 = 1.\]
For \(k = 1\):
\[\left\lfloor \frac{100 \cdot 1 + 100}{99} \right\rfloor - \left\lceil \frac{100 \cdot 1}{99} \right\rceil + 1 = \left\lfloor \frac{200}{99} \right\rfloor - 1 + 1 = 2 - 1 + 1 = 2.\]
And so on, the pattern shows that for \(k = 0\) and \(k = 100\), there are 2 solutions"
train-014451,unusually_short_reasoning,unknown,2002,0,parsed_explicit,86,How many ways are there to insert +'s between the digits of 111111111111111 (fifteen 1's) so that the result will be a multiple of 30?,"To solve this, we need to ensure the number formed is divisible by both 3 and 10. A number is divisible by 10 if its last digit is 0, but since our number only contains 1's, it cannot be divisible by 10. Therefore, no arrangement of '+' signs among fifteen 1's can make the resulting number divisible by 30.

Final answer: 0"
train-015546,max_token_related,unknown,2206,13,parsed_fallback,1024,"Example 1 Let $\alpha=\frac{\sqrt{5}+1}{2}$. Then $\left[\alpha^{16}\right]=$ $\qquad$ .
(2008, ""Five Sheep Cup"" Mathematics Competition (Junior High School))
[Analysis] Note that $\alpha=\frac{\sqrt{5}+1}{2}$ and $\beta=\frac{\sqrt{5}-1}{2}$ $(0<\beta<1)$ can make $\alpha+\beta=\sqrt{5}$ and $\alpha \beta=1$. Therefore, the value of $\alpha^{16}+\beta^{16}$ can be calculated to make a judgment.","To solve this problem, we need to understand the properties of the numbers $\alpha$ and $\beta$. Given $\alpha = \frac{\sqrt{5} + 1}{2}$ and $\beta = \frac{\sqrt{5} - 1}{2}$, we know that $\alpha + \beta = \sqrt{5}$ and $\alpha \beta = 1$. This means that $\alpha$ and $\beta$ are roots of the quadratic equation $x^2 - \sqrt{5}x + 1 = 0$.

We can use the recurrence relation derived from these properties. Since $\alpha \beta = 1$, we have:
\[ \alpha^n \beta^n = 1 \]
This implies:
\[ \alpha^{n+2} = \alpha^n (\alpha^2) \]
And since $\alpha^2 = \alpha + 2$, we get:
\[ \alpha^{n+2} = \alpha^n (\alpha + 2) \]
Thus, the sequence $\alpha^n$ satisfies the recurrence relation:
\[ \alpha^{n+2} = \alpha^n + 2\alpha^n = 3\alpha^n - \alpha^{n-2} \]

Now, let's calculate the first few powers of $\alpha$:
\[ \alpha^1 = \alpha \]
\[ \alpha^2 = \alpha + 2 \]
\[ \alpha^3 = \alpha^2 + 2\alpha = \alpha + 2 + 2\alpha = 3\alpha + 2 \]
\[ \alpha^4 = \alpha^3 + 2\alpha^2 = 3\alpha + 2 + 2(\alpha + 2) = 3\alpha + 2 + 2\alpha + 4 = 5\alpha + 6 \]
\[ \alpha^5 = \alpha^4 + 2\alpha^3 = 5\alpha + 6 + 2(3\alpha + 2) = 5\alpha + 6 + 6\alpha + 4 = 11\alpha + 10 \]
\[ \alpha^6 = \alpha^5 + 2\alpha^4 = 11\alpha + 10 + 2(5\alpha + 6) = 11\alpha + 10 + 10\alpha + 12 = 21\alpha + 22 \]
\[ \alpha^7 = \alpha^6 + 2\alpha^5 = 21\alpha + 22 + 2(11\alpha + 10) = 21\alpha + 22 + 22\alpha + 20 = 43\alpha + 42 \]
\[ \alpha^8 = \alpha^7 + 2\alpha^6 = 43\alpha + 42 + 2(21\alpha + 22) = 43\alpha + 42 + 42\alpha + 44 = 85\alpha + 86 \]
\[ \alpha^9 = \alpha^8 + 2\alpha^7 = 85\alpha + 86 + 2(43\alpha + 42) = 85\alpha + 86 + 86\alpha + 84 = 171\alpha + 170 \]
\[ \alpha^{10} = \alpha^9 + 2\alpha^8 = 171\alpha + 170 + 2(85\alpha + 86) = 171\alpha + 170 + 170\alpha + 172 = 341\alpha + 342 \]
\[ \alpha^{11} = \alpha^{10} + 2\alpha^9 = 341\alpha + 342 + 2(171\alpha + 170) = 341\alpha + 342 + 342\alpha + 340 = 683\alpha + 682 \]
\[ \alpha^{12} = \alpha^{11} + 2\alpha^{10} = 683\alpha + 682 + 2(341\alpha + 342) = 683\alpha + 682 + 682\alpha + 684 = 1365\alpha + 1366 \]
\[ \alpha^{13} = \alpha^{12} + 2\alpha^{11} = 13"
