id,gold_answer,parsed_answer,correct,parse_status,output_tokens,derived_category,observed_form,raw_output_tail
train-000081,4,1,false,parsed_fallback,1024,unknown,reasoning_cut_off_with_fallback_integer," - 5\left(\frac{5}{2}\right) + 5 = -\frac{125}{8} + \frac{125}{4} - \frac{25}{2} + 5 = -\frac{125}{8} + \frac{250}{8} - \frac{100}{8} + \frac{40}{8} = \frac{65}{8} \neq 0. \]

Testing \(a = \frac{5}{3}\):
\[ -\left(\frac{5}{3}\right)^3 + 5\left(\frac{5}{3}\right)^2 - 5\left(\frac{5}{3}\right) + 5 = -\frac{125}{27} + \frac{125}{9} - \frac{25}{3} + 5 = -\frac{125}{27} + \frac{375}{27} - \frac{225}{27} + \frac{135}{27} = \frac{80}{27} \neq 0. \]

Testing \(a = 1\):
\[ -(1)^3 + 5(1)^2 - 5(1) + 5 = -"
train-000119,7,3,false,parsed_fallback,1024,number_theory,reasoning_cut_off_with_fallback_integer,"7, \ldots \). Here, 21, 25, 27, 33, 35 are not prime.
6. If \( p = 19 \), the sequence is \( 19, 21, 23, 25, 27, 29, 31, 33, 35, 37, 39, \ldots \). Here, 21, 25, 27, 33, 35, 39 are not prime.
7. If \( p = 23 \), the sequence is \( 23, 25, 27, 29, 31, 33, 35, 37, 39, 41, 43, \ldots \). Here, 25, 27, 33, 35, 39 are not prime.
8. If \( p = 29 \), the sequence is \( 29, 31, 33, 35, 37, 39, 41, 43, 45, 47, 49, \ldots \). Here, 33, 35, 39, 45, 47 are not prime.
9. If \( p = 31 \), the sequence is \( 3"
train-000590,160,1,false,parsed_fallback,1024,unknown,reasoning_cut_off_with_fallback_integer,") = 81 + x - 2(a_2 + a_3 + a_5) = a_2 + a_3 + x,\]
\[2(a_5) = 81 + x - 3(a_2 + a_3 + a_4) = a_2 + a_3 + a_4 + x.\]

By solving these equations, we find that the only consistent solution is when the initial amounts are 81, 16, 8, 4, and 1. This gives us:
\[81 + 16 + 8 + 4 + 1 = 110,\]
and after redistribution, each bandit has:
\[2(16 + 8 + 4 + 1) = 2 \times 31 = 62,\]
\[2(8 + 4 + 1) = 2 \times 13 = 26,\]
\[2(4 + 1) = 2 \times 5 = 10,\]
\[2(1) = 2.\]

Thus, the total number of ducats in the wallet"
train-000703,14,3575,false,parsed_fallback,1024,unknown,reasoning_cut_off_with_fallback_integer,"nts she can produce with the new quantities:
   - She needs 50 ""metal"" elements to produce one more set of (two ""fire"" and three ""stone"") elements.
   - With 1200 ""fire"" and 1775 ""stone"" elements, she can make 1200 / 2 = 600 sets of (two ""fire"" and three ""stone"") elements.
   - This means she will have 600 * 2 = 1200 additional ""fire"" elements and 600 * 3 = 1800 additional ""stone"" elements.
   - After producing these, she will have 1200 + 1200 = 2400 ""fire"" elements and 1775 + 1800 = 3575 ""stone"
train-001070,1,2,false,parsed_fallback,1024,algebra,reasoning_cut_off_with_fallback_integer,"
\[ \frac{a^2}{b} + \frac{b^2}{c} + \frac{c^2}{a} \geq 1 \]
Given \( a + b + c = 1 \).

Using the AM-GM inequality:
\[ \frac{a^2}{b} + b \geq 2a \]
\[ \frac{b^2}{c} + c \geq 2b \]
\[ \frac{c^2}{a} + a \geq 2c \]

Adding these inequalities:
\[ \frac{a^2}{b} + b + \frac{b^2}{c} + c + \frac{c^2}{a} + a \geq 2(a + b + c) \]
\[ \frac{a^2}{b} + \frac{b^2}{c} + \frac{c^2}{a} + a + b + c \geq 2 \]

Since \( a + b + c = 1 \):
\[ \frac{a^2}{b} + \frac{b^2}{c} + \frac{c^2}{a} + 1 \geq 2 \]
\[ \frac{a^2}{b}"
train-001343,170,106,false,parsed_fallback,1024,unknown,reasoning_cut_off_with_fallback_integer,"
\[ y = 2(64) - 300 = 128 - 300 = -172 \]
Still not possible. The next value is 71:
\[ y = 2(71) - 300 = 142 - 300 = -158 \]
Still not possible. The next value is 78:
\[ y = 2(78) - 300 = 156 - 300 = -144 \]
Still not possible. The next value is 85:
\[ y = 2(85) - 300 = 170 - 300 = -130 \]
Still not possible. The next value is 92:
\[ y = 2(92) - 300 = 184 - 300 = -116 \]
Still not possible. The next value is 99:
\[ y = 2(99) - 300 = 198 - 300 = -102 \]
Still not possible. The next value is 106:
"
train-001390,602,6,false,parsed_fallback,1024,number_theory,reasoning_cut_off_with_fallback_integer," above, the number of solutions for each case is:
\[\binom{1012}{2} = \frac{1012 \cdot 1011}{2} = 512566.\]
Thus, the total number of invalid triples is:
\[3 \cdot 512566 = 1537798.\]

The number of valid triples is:
\[2043231^2 - 1537798.\]
Finally, we need the remainder when this number is divided by 1000:
\[2043231^2 \equiv 231^2 \pmod{1000},\]
\[231^2 = 53361 \equiv 61 \pmod{1000}.\]
So,
\[2043231^2 - 1537798 \equiv 61 - 798 \equiv 61 - 798 + 1000 \equiv 61 - 798 + 1000 - 798 + 1000 \equiv 6"
train-001476,84,1,false,parsed_fallback,1024,unknown,repetitive_output_candidate,28 + 28 + 28 + 28 + 28 + 28 + 28 + 28 + 28 + 28 + 28 + 28 + 28 + 28 + 28 + 28 + 28 + 28 + 28 + 28 + 28 + 28 + 28 + 28 + 28 + 28 + 28 + 28 + 28 + 28 + 28 + 28 + 28 + 28 + 28 + 28 + 28 + 28 + 28 + 28 + 28 + 28 + 28 + 28 + 28 + 28 + 28 + 28 + 28 + 28 + 28 + 28 + 28 + 28 + 28 + 28 + 28 + 28 + 28 + 28 + 28 + 28 + 28 + 28 + 28 + 28 + 28 + 28 + 28 + 28 + 28 + 28 + 28 + 28 + 28 + 28 + 28 + 28 + 28 + 28 + 28 + 28 + 28 + 28 + 28 + 28 + 28 + 28 + 28 + 28 + 28 + 28 + 28 + 28 + 28 + 28 + 28 + 28 + 28 + 28 + 
train-001624,289,8,false,parsed_fallback,1024,unknown,reasoning_cut_off_with_fallback_integer,"t 264.0625}}{8} \]
\[ y = \frac{5 \pm \sqrt{25 - 4225.0625}}{8} \]
\[ y = \frac{5 \pm \sqrt{-4200.0625}}{8} \]

Since the discriminant is negative, there is no real solution for \(y\). This indicates an error in our assumption or simplification. Revisiting the problem, we realize the correct approach involves solving the system directly for rational solutions. The correct tangent line form should be re-evaluated for rational coefficients.

After re-evaluating, we find the correct tangent line is"
train-002162,199,2,false,parsed_fallback,1024,unknown,reasoning_cut_off_with_fallback_integer,"= 11.
\]
This is still not a three-digit number.

Finally, let's try \( a = 2, b = 2, \) and \( c = 0 \):
\[
n = 2 + 2 + 0 + 2 \cdot 2 + 2 \cdot 0 + 0 \cdot 2 + 2 \cdot 2 \cdot 0 = 10.
\]
This is still not a three-digit number.

Now, let's try \( a = 2, b = 2, \) and \( c = 1 \):
\[
n = 2 + 2 + 1 + 2 \cdot 2 + 2 \cdot 1 + 1 \cdot 2 + 2 \cdot 2 \cdot 1 = 15.
\]
This is still not a three-digit number.

Finally, let's try \( a = 2, b = 2, \) and \( c = 2 \):
\[
n = 2 + 2 + 2 + 2 \cdot 2 + 2 \cdot 2"
train-002230,246,2,false,parsed_fallback,1024,algebra,reasoning_cut_off_with_fallback_integer," 2cx^2 = 2(x+y)cx = 2cx(x+y). \]
This simplifies to \( c(x^2 - 3y^2) + c(x^2 + y^2) = 2cx(x+y) \), which holds true. Therefore, \( f(x) = cx \) is a solution. Since \( f(n) > 0 \) for all \( n > 0 \), \( c > 0 \).

We need to find \( f(1) + f(2) \):
\[ f(1) = c \quad \text{and} \quad f(2) = 2c. \]
Thus, \( f(1) + f(2) = c + 2c = 3c \). To minimize \( f(1) + f(2) \), we choose the smallest positive \( c \), which is 1. Therefore, \( f(1) + f(2) = 3 \).

The minimum possible value of \( f(1) + f(2"
train-002320,76,12,false,parsed_fallback,1024,geometry,reasoning_cut_off_with_fallback_integer,"1560}{96} = 16.25 \]

Since $s$ must be an integer, we check the next largest divisor, which is 48. If $r + 76 = 48$, then $r = -28$, which is not valid since $r \geq 3$. Checking $r + 76 = 32$:

\[ s = \frac{78 \cdot 32}{32 + 76} = \frac{2496}{108} = 23.22 \]

Checking $r + 76 = 24$:

\[ s = \frac{78 \cdot 24}{24 + 76} = \frac{1872}{100} = 18.72 \]

Checking $r + 76 = 16$:

\[ s = \frac{78 \cdot 16}{16 + 76} = \frac{1248}{92} = 13.65 \]

Checking $r + 76 = 12$:

\[ s = \frac{78 \cdot 12}{12 + 7"
train-002365,1,1,true,parsed_fallback,1024,unknown,reasoning_cut_off_with_fallback_integer,"b = 1\) and \(c = d = e = 1\). Then:
\[a^2 + b^2 + c^3 + d^3 + e^3 = 1^2 + 1^2 + 1^3 + 1^3 + 1^3 = 1 + 1 + 1 + 1 + 1 = 5,\]
and
\[(a + b + c + d + e)(a^3 + b^3 + c^2 + d^2 + e^2) = (1 + 1 + 1 + 1 + 1)(1^3 + 1^3 + 1^2 + 1^2 + 1^2) = 5 \cdot (1 + 1 + 1 + 1 + 1) = 5 \cdot 5 = 25.\]
This satisfies both equations. By symmetry, any permutation of \((1, 1, 1, 1, 1)\) will also satisfy the equations. There are \(5!\) (120) permutations of \((1, 1, 1, 1, 1)\).

Thus, the number of ordered quintuples \((a"
train-002418,5,29,false,parsed_fallback,1024,unknown,reasoning_cut_off_with_fallback_integer,62068965517241379310344827586206896551724137931034482758620689655172413793103448275862068965517241379310344827586206896551724137931034482758620689655172413793103448275862068965517241379310344827586206896551724137931034482758620689655172413793103448275862068965517241379310344827586206896551724137931034482758620689655172413793103448275862068965517241379310344827586206896551724137931034482758620689655172413793103448275862068965517241379310344827586206896551724137931034482758620689655172413793103448
train-002526,31,32,false,parsed_fallback,1024,unknown,reasoning_cut_off_with_fallback_integer," 1.8 < a < 8.2 \implies a = 8$.
- For $b = 4$: $0 < 5a - 12 < 32 \implies 12 < 5a < 44 \implies 2.4 < a < 8.8 \implies a = 8$.

So, the only valid pair is $(a, b) = (8, 2), (8, 3), (8, 4)$. This gives us the corresponding pairs $(x, y)$:

- For $(a, b) = (8, 2)$: $x = \frac{7 \cdot 2 - 8}{32} = \frac{14 - 8}{32} = \frac{6}{32} = \frac{3}{16}$, $y = \frac{5 \cdot 8 - 3 \cdot 2}{32} = \frac{40 - 6}{32} = \frac{34}{32} = \frac{17}{16}$.
- For $(a, b) = (8, 3)$: $x = \frac{7 \cdot 3 - 8}{32} = \frac"
train-002527,2010,2048,false,parsed_fallback,1024,number_theory,reasoning_cut_off_with_fallback_integer,"79 terms. For \(2^6 = 64\), the sequence of multiples of 64 is from 2080 to 4032, giving us 49 terms. For \(2^7 = 128\), the sequence of multiples of 128 is from 2112 to 4032, giving us 20 terms. For \(2^8 = 256\), the sequence of multiples of 256 is from 2176 to 4032, giving us 8 terms. For \(2^9 = 512\), the sequence of multiples of 512 is from 2208 to 4032, giving us 4 terms. For \(2^{10} = 1024\), the sequence of multiples of 1024 is from 2208 to 4016, giving us 2 terms. For \(2^{11} = 2048\"
train-002541,1,7,false,parsed_fallback,1024,algebra,reasoning_cut_off_with_fallback_integer," = 5 \]
\[ (3 - 6d)^2 + 8d^2 + 27d^2 + 6d^2 = 5 \]
\[ 9 - 36d + 36d^2 + 8d^2 + 27d^2 + 6d^2 = 5 \]
\[ 9 - 36d + 77d^2 = 5 \]
\[ 77d^2 - 36d + 4 = 0 \]

We solve this quadratic equation using the quadratic formula \(d = \frac{-b \pm \sqrt{b^2 - 4ac}}{2a}\):
\[ d = \frac{36 \pm \sqrt{(-36)^2 - 4 \cdot 77 \cdot 4}}{2 \cdot 77} = \frac{36 \pm \sqrt{1296 - 1232}}{154} = \frac{36 \pm \sqrt{64}}{154} = \frac{36 \pm 8}{154} \]
So, we have two solutions:
\[ d = \frac{44}{154} = \frac{22}{77} = \frac{2}{7"
train-003328,6,1,false,parsed_fallback,1024,number_theory,reasoning_cut_off_with_fallback_integer," \cdot 335 = 0\), we have:
\[
(1 + i\sqrt{3})^{2010} = 2^{2010}
\]

Now, we need to find the real part of \((1 - i\sqrt{3})^{2010}\):
\[
1 - i\sqrt{3} = 2 \left(\cos \left(-\frac{\pi}{3}\right) + i \sin \left(-\frac{\pi}{3}\right)\right)
\]
Thus,
\[
(1 - i\sqrt{3})^{2010} = 2^{2010} \left(\cos \left(-\frac{2010\pi}{3}\right) + i \sin \left(-\frac{2010\pi}{3}\right)\right) = 2^{2010} \left(\cos (-670\pi) + i \sin (-670\pi)\right) = 2^{2010}
\]
Since \(\cos (-670\pi) = \cos 670\pi = 1\) and \(\sin"
train-003461,31,4,false,parsed_fallback,1024,unknown,reasoning_cut_off_with_fallback_integer,"\(c = 2\), then \(a = -6\), not valid.
If \(c = 3\), then \(a = -11\), not valid.
If \(c = 4\), then \(a = -16\), not valid.
If \(c = 5\), then \(a = -21\), not valid.
If \(c = 6\), then \(a = -26\), not valid.
If \(c = 7\), then \(a = -21\), not valid.
If \(c = 8\), then \(a = -16\), not valid.
If \(c = 9\), then \(a = -11\), not valid.
If \(c = 10\), then \(a = -6\), not valid.
If \(c = 11\), then \(a = -1\), not valid.
If \(c = 12\), then \(a = 4\).

Thus, the only valid values for \(a\) are "
train-003536,2,1,false,parsed_fallback,1024,unknown,reasoning_cut_off_with_fallback_integer,"2 + (-2(x_0 - 1))^2 } = \sqrt{1 + 4(x_0 - 1)^2 }. \]
The expression \(1 + 4(x_0 - 1)^2\) reaches its maximum when \(x_0 = 1\), giving:
\[ |MN| = \sqrt{1 + 4(0)^2} = \sqrt{1} = 1. \]
However, since the maximum value of \(4(x_0 - 1)^2\) is unbounded, the maximum value of \(|MN|\) is actually unbounded. But within the context of the problem, the maximum finite value is derived from the geometric properties and constraints of the ellipse, leading us to conclude that the maximum value of \(|MN|\) is "
train-003576,16,80,false,parsed_fallback,1024,unknown,reasoning_cut_off_with_fallback_integer,". \]

Setting \( x = \frac{1}{5} \),

\[ T = \frac{\frac{1}{5}}{\left(1 - \frac{1}{5}\right)^2} = \frac{\frac{1}{5}}{\left(\frac{4}{5}\right)^2} = \frac{\frac{1}{5}}{\frac{16}{25}} = \frac{1}{5} \cdot \frac{25}{16} = \frac{5}{16}. \]

Thus, the second part of the series sums to:

\[ k \cdot \frac{5}{16} = \frac{5k}{16}. \]

Combining both parts, we have:

\[ S = 5 + \frac{5k}{16} = 10. \]

Solving for \( k \),

\[ 5 + \frac{5k}{16} = 10, \]
\[ \frac{5k}{16} = 5, \]
\[ 5k = 80, \]
\[ k = 16. \]

"
train-003602,29,29,true,parsed_fallback,1024,unknown,reasoning_cut_off_with_fallback_integer,"ot be 50.
- For \( n = 290 \): Not possible because remainders would be 0, 1, 2, ..., 289, but their sum cannot be 50.

Finally, let's try \( n = 29 \):

\[ 160 = 5 \cdot 29 + 15 \]
\[ 110 = 4 \cdot 29 + 14 \]
\[ 70 = 2 \cdot 29 + 12 \]

Summing the remainders:
\[ 15 + 14 + 12 = 41 \neq 50 \]

Trying \( n = 58 \):

\[ 160 = 2 \cdot 58 + 44 \]
\[ 110 = 1 \cdot 58 + 52 \]
\[ 70 = 1 \cdot 58 + 12 \]

Summing the remainders:
\[ 44 + 52 + 12 = 108 \neq 50 \]

Trying \( n = 29 \):

\[ 160 = 5 \cdot 29"
train-003852,703,29,false,parsed_fallback,1024,number_theory,reasoning_cut_off_with_fallback_integer," \frac{82 \pm \sqrt{2432}}{2} = \frac{82 \pm 49.31}{2}
  \]
  This does not yield integer solutions.

Finally, if \(a = 19\), then \(b + c = 66\) and \(bc = 1073\). Solving the quadratic equation \(t^2 - 66t + 1073 = 0\) gives us the roots:
\[
t = \frac{66 \pm \sqrt{66^2 - 4 \cdot 1073}}{2} = \frac{66 \pm \sqrt{4356 - 4292}}{2} = \frac{66 \pm \sqrt{64}}{2} = \frac{66 \pm 8}{2}
\]
This yields the roots \(t = 37\) and \(t = 29\), so \(b = 29\) and \(c = 37\). Therefore, the numbers are 19, 29, and"
train-004013,1800,510,false,parsed_fallback,1024,unknown,reasoning_cut_off_with_fallback_integer,"{10} = \frac{80 \pm 4\sqrt{510}}{10} = \frac{40 \pm 2\sqrt{510}}{5}. \]
We choose the positive root since \(a\) is positive:
\[ a = \frac{40 + 2\sqrt{510}}{5}. \]
Then,
\[ x = 90 - 5a = 90 - 5 \left(\frac{40 + 2\sqrt{510}}{5}\right) = 90 - 40 - 2\sqrt{510} = 50 - 2\sqrt{510}. \]
Now, substitute \(a\) and \(x\) back into the expression for \(b\):
\[ b = \frac{90 - 5a - x}{3} = \frac{90 - 5 \left(\frac{40 + 2\sqrt{510}}{5}\right) - (50 - 2\sqrt{510})}{3} = \frac{90 - 40 - 2\sqrt{510} - 50 + 2\sqrt"
train-004166,8,2,false,parsed_fallback,1024,unknown,reasoning_cut_off_with_fallback_integer,"Again, we need to check if 120 can be formed using these denominations. Using the Chicken McNugget theorem for pairs (6,12) and (6,14), we find the maximum values that can be formed without exceeding 120. For 6 and 12, the maximum is \(6 \cdot 19 + 12 \cdot 10 = 114 + 120 = 234\), which is too high. For 6 and 14, the maximum is \(6 \cdot 19 + 14 \cdot 10 = 114 + 140 = 254\), which is also too high. So, we need to check specific combinations:
  - \(120 = 6 \cdot 10 + 12 \cdot 8 + 14 \cdot 2\)
  -"
train-004434,11,11000,false,parsed_fallback,1024,unknown,reasoning_cut_off_with_fallback_integer,"he equation holds. Testing \(B = 1\), \(C = 0\), and \(D = 0\) does not work since it would make the right side zero but the left side would be negative. Trying other combinations, we find:

If \(A_{12} = 11\), \(B = 1\), \(C = 0\), and \(D = 0\):

\[
8789 - 9990(1) - 90(0) - 11000(0) - 10(11) - 0 = 8789 - 9990 - 110 = -1311 \neq 0
\]

Trying different values, we find \(A_{12} = 11\), \(B = 1\), \(C = 0\), and \(D = 1\):

\[
8789 - 9990(1) - 90(0) - 11000(1) - 10(11) - 1 = 8789 - 9990 - 11000 - "
train-004493,36,94,false,parsed_fallback,1024,unknown,reasoning_cut_off_with_fallback_integer,"  - For \( q = 19 \), \( n = 38 \) (divisors: 1, 2, 19, 38).
  - For \( q = 23 \), \( n = 46 \) (divisors: 1, 2, 23, 46).
  - For \( q = 29 \), \( n = 58 \) (divisors: 1, 2, 29, 58).
  - For \( q = 31 \), \( n = 62 \) (divisors: 1, 2, 31, 62).
  - For \( q = 37 \), \( n = 74 \) (divisors: 1, 2, 37, 74).
  - For \( q = 41 \), \( n = 82 \) (divisors: 1, 2, 41, 82).
  - For \( q = 43 \), \( n = 86 \) (divisors: 1, 2, 43, 86).
  - For \( q = 47 \), \( n = 94 \) (divisors: 1, 2, 47, 94).
  - For \( q"
train-004889,520,8,false,parsed_fallback,1024,probability,reasoning_cut_off_with_fallback_integer,"up.
- The next 8 values are in the \([200, 250)\) group.
- The next 14 values are in the \([250, 300)\) group.
- The last 4 values are in the \([300, 350]\) group.

The 25th and 26th values fall within the \([200, 250)\) group, so the median is in the interval \([200, 250)\). Therefore, statement C is correct.

### Step 3: Estimate the number of high-quality crabs
High-quality crabs weigh at least 200g. From the table, the number of crabs in the \([200, 250)\) group is 8, and the number in the \"
train-004962,1985,56,false,parsed_fallback,1024,unknown,reasoning_cut_off_with_fallback_integer," If \(x_1 = 9\) and \(y_1 = 8\), then \(x_1 y_1 = 72\). We need \(x_2 y_2 = 72 + 67 = 139\). Again, no valid pairs.
- If \(x_1 = 7\) and \(y_1 = 9\), then \(x_1 y_1 = 63\). We need \(x_2 y_2 = 63 + 67 = 130\). No valid pairs.
- If \(x_1 = 8\) and \(y_1 = 7\), then \(x_1 y_1 = 56\). We need \(x_2 y_2 = 56 + 67 = 123\). No valid pairs.
- If \(x_1 = 9\) and \(y_1 = 7\), then \(x_1 y_1 = 63\). We need \(x_2 y_2 = 63 + 67 = 130\). No valid pairs.
- If \(x_1 = 7\) and \(y_1 = 8\), then \(x_1 y_1 = 56\"
train-005188,6,49,false,parsed_fallback,1024,unknown,reasoning_cut_off_with_fallback_integer,"eq 4x \implies x \geq 5.5 \]
   Thus, \( x = 6 \) and \( y = 32 - 5 \times 6 = 2 \). This is feasible.

Continuing this process up to \( S = 50 \), we find that all scores from 30 to 50 are achievable except for 49. Let's verify:

For \( S = 49 \):
\[ 5x + y = 49 \]
\[ y = 49 - 5x \]
Since \( y \geq 0 \) and \( x + y \leq 10 \):
\[ 49 - 5x \geq 0 \implies x \leq 10 \]
\[ x + (49 - 5x) \leq 10 \implies 49 - 4x \leq 10 \implies 39 \leq 4x \implies x \geq 9.75 \]
Thus, \( x = 10 \) and \( y = 49 - "
train-005467,3,21,false,parsed_fallback,1024,unknown,reasoning_cut_off_with_fallback_integer,"995 \equiv 7 \pmod{21}\), we have:
\[
7 - 34a_2 \equiv 7 - 2a_2 \equiv 0 \pmod{21} \implies 2a_2 \equiv 7 \pmod{21}.
\]
The multiplicative inverse of 2 modulo 21 is 11 (since \(2 \cdot 11 = 22 \equiv 1 \pmod{21}\)), so:
\[
a_2 \equiv 7 \cdot 11 \equiv 77 \equiv 4 \pmod{21} \implies a_2 = 21k + 4 \text{ for some integer } k.
\]
Since \(a_2\) is a positive integer, the smallest value for \(a_2\) is 4. Substituting \(a_2 = 4\) into the equation for \(a_1\):
\[
a_1 = \frac{2002 - 34 \cdot 4}{21} = \"
train-006240,576,5,false,parsed_fallback,1024,unknown,reasoning_cut_off_with_fallback_integer,"ion is \( p = 5, q = 6, r = 9 \):

\[ p + q + r = 5 + 6 + 9 = 20 \neq 30 \]

The correct combination is \( p = 5, q = 6, r = 9 \):

\[ p + q + r = 5 + 6 + 9 = 20 \neq 30 \]

The correct combination is \( p = 5, q = 6, r = 9 \):

\[ p + q + r = 5 + 6 + 9 = 20 \neq 30 \]

The correct combination is \( p = 5, q = 6, r = 9 \):

\[ p + q + r = 5 + 6 + 9 = 20 \neq 30 \]

The correct combination is \( p = 5, q = 6, r = 9 \):

\[ p + q + r = 5 + 6 + 9 = 20 \neq 30 \]

The correct combination is \( p = 5"
train-006601,12,2,false,parsed_fallback,1024,probability,reasoning_cut_off_with_fallback_integer,"frac{24}{216} = \frac{1}{9}\), which still does not match \(\frac{25}{216}\).

Finally, let's consider the sum \(X = 10\):

- (1, 3, 6), (1, 4, 5), (2, 2, 6), (2, 3, 5), (2, 4, 4), (3, 3, 4)
- Counting these:
  - (1, 3, 6) can be arranged in 3! / (1! * 1! * 1!) = 6 ways.
  - (1, 4, 5) can be arranged in 3! / (1! * 1! * 1!) = 6 ways.
  - (2, 2, 6) can be arranged in 3! / (2! * 1!) = 3 ways.
  - (2, 3, 5) can be arranged in 3! / (1! * 1! * 1!) = 6 ways.
  - (2, 4, 4) can be arranged in 3! / (2! * "
train-006919,7,1,false,parsed_fallback,1024,unknown,reasoning_cut_off_with_fallback_integer," 9, 1, 6, 9, 6, 9, 1, 6, 9, 6, 9, 1, 6, 9, 6, 9, 1, 6, 9, 6, 9, 1, 6, 9, 6, 9, 1, 6, 9, 6, 9, 1, 6, 9, 6, 9, 1, 6, 9, 6, 9, 1, 6, 9, 6, 9, 1, 6, 9, 6, 9, 1, 6, 9, 6, 9, 1, 6, 9, 6, 9, 1, 6, 9, 6, 9, 1, 6, 9, 6, 9, 1, 6, 9, 6, 9, 1, 6, 9, 6, 9, 1, 6, 9, 6, 9, 1, 6, 9, 6, 9, 1, 6, 9, 6, 9, 1, 6, 9, 6, 9, 1, 6, 9, 6, 9, 1, 6, 9, 6, 9, 1, 6, 9, 6, 9, 1, 6, 9, 6, 9, 1, 6, 9, 6, 9, 1, 6, 9, 6, 9, 1, 6, 9, 6, 9, 1, 6, 9, 6, 9, 1, 6, 9, 6, 9, 1, 6, 9, 6, 9, 1, 6, 9, 6, 9, 1, 6, 9, 6, 9, 1, 6, 9, 6, 9, 1"
train-007003,20,3,false,parsed_fallback,1024,unknown,reasoning_cut_off_with_fallback_integer," This does not meet our requirement.

### Great Dodecahedron
- Vertices (\( V \)): 12
- Edges (\( E \)): 30
- Faces (\( F \)): 12

Checking Euler's formula:
\[ 12 - 30 + 12 = 2 \]
This satisfies Euler's formula. Each vertex in a great dodecahedron is of degree 5, which means all vertices are of odd degree. This does not meet our requirement.

### Regular Tetrahedron with One Edge Removed
- Vertices (\( V \)): 4
- Edges (\( E \)): 6 - 1 = 5
- Faces (\( F \)): 4 - 1 = 3

Checking Euler's formula:
"
train-007666,8,3,false,parsed_fallback,1024,unknown,reasoning_cut_off_with_fallback_integer,"t (-2) = \sqrt{3} \]
\[ y = 2 + \frac{-2}{2} = 1 \]
So, the other intersection point is \((\sqrt{3}, 1)\).

The point \(P\) where the line intersects the \(x\)-axis is found by setting \(y = 0\) in the parametric equation for \(y\):
\[ 0 = 2 + \frac{t}{2} \]
\[ t = -4 \]
So, the coordinates of \(P\) are \((-2\sqrt{3}, 0)\).

Now, calculate the distances \(|PA|\) and \(|PB|\):
\[ |PA| = \sqrt{(-\sqrt{3} + 2\sqrt{3})^2 + (3 - 0)^2} = \sqrt{( \sqrt{3})^2 + 3^2} = \sqrt{3 + 9} = \sqrt{12} = 2\sqrt{3"
train-007740,6990500,1,false,parsed_fallback,1024,unknown,reasoning_cut_off_with_fallback_integer, 20 \cdot 2^{2k-1} - 2 = 20 \cdot 2^{2k-1} - 2 = 20 \cdot 2^{2k-1} - 2 = 20 \cdot 2^{2k-1} - 2 = 20 \cdot 2^{2k-1} - 2 = 20 \cdot 2^{2k-1} - 2 = 20 \cdot 2^{2k-1} - 2 = 20 \cdot 2^{2k-1} - 2 = 20 \cdot 2^{2k-1} - 2 = 20 \cdot 2^{2k-1} - 2 = 20 \cdot 2^{2k-1} - 2 = 20 \cdot 2^{2k-1} - 2 = 20 \cdot 2^{2k-1} - 2 = 20 \cdot 2^{2k-1} - 2 = 20 \cdot 2^{2k-1} - 2 = 20 \cdot 2^{2k-1} - 2 = 20 \cdot 2^{2k-1} - 2 = 20 \cdot 2^{2k-1} - 2 = 20 \cdot 2^{2k-1} - 2 = 20 \cdot 2^{2k-1} - 2 = 20 \cdot 2^{2k-1} -
train-007918,5,5555555555555555555555555555555555555555555555555555555555555555555555555555555555555555555555555555555555555555555555555555555555555555555555555555555555555555555555555555555555555555555555555555555555555555555555555555555555555555555555555555555555555555555555555555555555555555555555555555555555555555555555555555555555555555555555555555555555555555555555555555555555555555555555555555555555555555555555555555555555555555555555555555555555555555555555555555555555555555555555555555555555555555555555555555555555555555555555555555555555555555555555555555555555555555555555555555555555555555555555555555555555555555555555555555555555555555555555555555555555555555555555555555555555555555555555555555555555555555555555555555555555555555555555555555555555555555555555555555555555555555555555555555555555555555555555555555555555555555555555555555555555555555555555555555555555555555555555555555555555,false,parsed_fallback,1024,unknown,reasoning_cut_off_with_fallback_integer,55555555555555555555555555555555555555555555555555555555555555555555555555555555555555555555555555555555555555555555555555555555555555555555555555555555555555555555555555555555555555555555555555555555555555555555555555555555555555555555555555555555555555555555555555555555555555555555555555555555555555555555555555555555555555555555555555555555555555555555555555555555555555555555555555555555555555555555555555555555555555555555555555555555555555555555555555555555555555555555555555555555555555555555
train-008220,1,2,false,parsed_fallback,1024,algebra,reasoning_cut_off_with_fallback_integer,"[ \text{Area} = \frac{1}{2} \left| 2 \sin \alpha \cdot \frac{3}{\sin \beta} \sin(\beta - \alpha) \right| = 3 \left| \sin \alpha \cdot \frac{\sin(\beta - \alpha)}{\sin \beta} \right| \]

The minimum area occurs when \(\alpha = \beta\) and \(\sin \alpha = \frac{3}{2}\), but since \(\sin \alpha \leq 1\), the minimum non-zero area is achieved when \(\alpha = \beta = \frac{\pi}{2}\):
\[ \text{Area} = 3 \left| \sin \frac{\pi}{2} \cdot \frac{\sin \left( \frac{\pi}{2} - \frac{\pi}{2} \right)}{\sin \frac"
train-008432,25,100,false,parsed_fallback,1024,unknown,reasoning_cut_off_with_fallback_integer,"105 - a_4)\]
\[a_4 = 100 - 105 + a_4\]
\[a_4 = 100 - 105 + a_4\]
\[a_4 = 100 - 105 + a_4\]
\[a_4 = 100 - 105 + a_4\]
\[a_4 = 100 - 105 + a_4\]
\[a_4 = 100 - 105 + a_4\]
\[a_4 = 100 - 105 + a_4\]
\[a_4 = 100 - 105 + a_4\]
\[a_4 = 100 - 105 + a_4\]
\[a_4 = 100 - 105 + a_4\]
\[a_4 = 100 - 105 + a_4\]
\[a_4 = 100 - 105 + a_4\]
\[a_4 = 100 - 105 + a_4\]
\[a_4 = 100 - 105 + a_4\]
\[a_4 = 100 - 105 + a_4\]
\[a_4 = 100 - 105 + a_4\]
\[a_4 = 100 - 105 + a_4\]
\[a_4 = 100 - 105 + a_4\]
\[a_4 = 100 - 105 +"
train-008458,17,3,false,parsed_fallback,1024,unknown,reasoning_cut_off_with_fallback_integer,"t\equiv 4 \pmod{10}\), so this combination does not work.
Let's try \(a = 2\), \(b = 7\), and \(c = 3\):
- \(a^b = 2^7 = 128 \equiv 8 \not\equiv 4 \pmod{10}\), so this combination does not work.
Let's try \(a = 2\), \(b = 3\), and \(c = 7\):
- \(a^b = 2^3 = 8 \not\equiv 4 \pmod{10}\), so this combination does not work.
Let's try \(a = 2\), \(b = 7\), and \(c = 3\):
- \(a^b = 2^7 = 128 \equiv 8 \not\equiv 4 \pmod{10}\), so this combination does not work.
Let's try \(a = 2\), \(b = 3\), and \(c = "
train-008592,4097,1627393633617,false,parsed_fallback,1024,unknown,reasoning_cut_off_with_fallback_integer,"\):
\[ (5+1)^4 - 5^4 = 6^4 - 5^4 = 1296 - 625 = 671. \]
Still, \( 671 \) is much larger than \( \frac{1}{2015} \).

Finally, try \( k = 2014 \):
\[ (2014+1)^4 - 2014^4 = 2015^4 - 2014^4. \]
Since \( 2015^4 - 2014^4 \) is a very large number, it will definitely contain a value within \( \left( 2014, 2014 + \frac{1}{2015} \right) \).

Thus, the smallest \( n \) is just above \( 2014^4 \). Calculating \( 2014^4 \):
\[ 2014^4 = 1627393633616. \]

Therefore, the smallest \( n \) is \( 1627393633617 \"
train-008628,4,7,false,parsed_fallback,1024,unknown,reasoning_cut_off_with_fallback_integer," \times 5 \times 7 \times 11^{1/2} \times 13^{1/2}$
- $a = \sqrt{2^9 \times 3^6 \times 5^3 \times 7^2 \times 11 \times 13} \times 7 = 2^9 \times 3^6 \times 5^{3/2} \times 7 \times 11^{1/2} \times 13^{1/2}$
- $a = \sqrt{2^9 \times 3^6 \times 5^3 \times 7^2 \times 11 \times 13} \times 11 = 2^9 \times 3^6 \times 5^{3/2} \times 7 \times 11 \times 13^{1/2}$
- $a = \sqrt{2^9 \times 3^6 \times 5^3 \times 7^2 \times 11 \times 13} \times 13 = 2^9 \times 3^6 \times 5^{3/2} \times 7 \times 11^{1/2} \times "
train-008655,343,4,false,parsed_fallback,1024,unknown,reasoning_cut_off_with_fallback_integer,"2+1} = 7^{128} \times 7^{64} \times 7^{32} \times 7^{16} \times 7^{8} \times 7^{4} \times 7^{2} \times 7^{1}
\]
\[
7^{333} \equiv 801 \times 401 \times 201 \times 601 \times 801 \times 401 \times 49 \times 7 \mod 1000
\]

We simplify step-by-step:
\[
801 \times 401 \equiv 801 \times 401 = 321201 \equiv 201 \mod 1000
\]
\[
201 \times 201 \equiv 201^2 = 40401 \equiv 401 \mod 1000
\]
\[
401 \times 601 \equiv 401 \times 601 = 240601 \equiv 601 \mod 1000
\]
\[
601 \times 801 \equiv 601 \times 801 = 4"
train-008742,2039191,2,false,parsed_fallback,1024,algebra,reasoning_cut_off_with_fallback_integer," f(y)^2. \]
Since both equations are identical, we have \(f(x^2) + 2 = f(x)^2\). Now, substitute \(y = -x\):
\[ f(x^2) + f((-x)^2) = f(x - x)^2 - 2x(-x) \implies f(x^2) + f(x^2) = f(0)^2 + 2x^2 \implies 2f(x^2) = 4 + 2x^2 \implies f(x^2) = 2 + x^2. \]
Since \(f(x^2) + 2 = f(x)^2\), we get \(2 + x^2 + 2 = f(x)^2 \implies f(x)^2 = x^2 + 4\). This implies \(f(x) = x + 2\) or \(f(x) = -x - 2\).

We need to check which of these solutions satisfy the original equation. If \(f(x) = x + 2\):
\[ f(x^2) +"
train-009840,10,136,false,parsed_fallback,1024,unknown,reasoning_cut_off_with_fallback_integer," and \(y_3 = x_3 - 8\). Then \(y_2, y_3 \geq 0\) and the equation becomes \(x_1 + y_2 + y_3 = 1\). The number of non-negative integer solutions to this equation is:

\[
\binom{1 + 3 - 1}{3 - 1} = \binom{3}{2} = 3
\]

Finally, we do not need to consider the case where all three variables exceed their bounds simultaneously because it would require \(x_1 + x_2 + x_3 > 15\), which is impossible.

Using the principle of inclusion-exclusion, the number of valid solutions is:

\[
136 - (55 + 45 + 36) +"
train-009933,25,2,false,parsed_fallback,1024,geometry,reasoning_cut_off_with_fallback_integer,"} = \frac{\sqrt{4R^2 - 49}}{2R} \]

Substituting these into the equation \(9 = 5\cos\left(\frac{\delta}{2}\right) + 7\cos\left(\frac{\gamma}{2}\right)\):
\[ 9 = 5\left(\frac{\sqrt{4R^2 - 49}}{2R}\right) + 7\left(\frac{\sqrt{4R^2 - 25}}{2R}\right) \]
\[ 9 = \frac{5\sqrt{4R^2 - 49} + 7\sqrt{4R^2 - 25}}{2R} \]
\[ 18R = 5\sqrt{4R^2 - 49} + 7\sqrt{4R^2 - 25} \]

By trial and error or solving the quadratic equation, we find \(R = 5\). Then:
\[ \cos\left(\frac{\gamma}{2}\right) = \frac{\sqrt{4(5)^2 - 2"
train-010015,-1,4,false,parsed_fallback,1024,algebra,reasoning_cut_off_with_fallback_integer,"(a^2 + 2a = \frac{1}{8}\), we can solve for \(a\):
\[a^2 + 2a - \frac{1}{8} = 0 \implies 8a^2 + 16a - 1 = 0.\]
Solving this quadratic equation, we get:
\[a = \frac{-16 \pm \sqrt{256 + 32}}{16} = \frac{-16 \pm \sqrt{288}}{16} = \frac{-16 \pm 12\sqrt{2}}{16} = \frac{-4 \pm 3\sqrt{2}}{4}.\]
Thus, the roots are:
\[\alpha = \frac{-4 + 3\sqrt{2}}{4} + \sqrt{\left(\frac{-4 + 3\sqrt{2}}{4}\right)^2 + 2\left(\frac{-4 + 3\sqrt{2}}{4}\right)}, \quad \beta = \frac{-4 + 3\sqrt{2}}{4} - \sqrt{\left(\frac{-4 +"
train-010020,2,2,true,parsed_fallback,1024,algebra,reasoning_cut_off_with_fallback_integer,"\ldots, x_{k+1} \) and a positive integer \( k \leq 2 \) such that:

\[ P(x_1) + P(x_2) + \cdots + P(x_k) = P(x_{k+1}). \]

If \( k = 1 \):

\[ P(x_1) = P(x_2), \]
\[ x_1^2 + ax_1 + b = x_2^2 + ax_2 + b, \]
\[ x_1^2 + ax_1 = x_2^2 + ax_2, \]
\[ x_1^2 - x_2^2 + a(x_1 - x_2) = 0, \]
\[ (x_1 - x_2)(x_1 + x_2 + a) = 0. \]

So, \( x_1 = x_2 \) or \( x_1 + x_2 = -a \). This does not work for distinct \( x_1 \) and \( x_2 \).

If \( k = 2 \):

\[ P(x_1) + P(x_2) = P(x_3), \]
\[ (x_1^2 + ax_1 + b) + (x_"
train-010261,2,5,false,parsed_fallback,1024,unknown,reasoning_cut_off_with_fallback_integer,"ac{1}{k^2 + 1} \]

Now substituting back:
\[ a = \sqrt{\frac{4k^2}{k^2 + 1}}, \quad c = \sqrt{\frac{k^2}{k^2 + 1}} \]
\[ a + c = \sqrt{\frac{4k^2}{k^2 + 1}} + \sqrt{\frac{k^2}{k^2 + 1}} = \sqrt{\frac{4k^2 + k^2}{k^2 + 1}} = \sqrt{\frac{5k^2}{k^2 + 1}} \]

To maximize \( \sqrt{\frac{5k^2}{k^2 + 1}} \), let \( x = k^2 \):
\[ \sqrt{\frac{5x}{x + 1}} \leq \sqrt{5} \]
Equality occurs when \( x = 1 \), i.e., \( k^2 = 1 \) or \( k = \pm 1 \).

Thus, the maximum value of \( a + c \) is \( \sqrt{5} \).

"
train-010933,-3,1,false,parsed_fallback,1024,unknown,reasoning_cut_off_with_fallback_integer,"6005 - 4146150 = -145 \]

So we have:

\[ -37471b = -145 \]

Solving for \(b\):

\[ b = \frac{145}{37471} = \frac{5}{1499} \]

Now substitute \(b = \frac{5}{1499}\) back into one of the original equations to find \(a\). Using the first equation:

\[ 2025a + 2030 \cdot \frac{5}{1499} = 2035 \]
\[ 2025a + \frac{10150}{1499} = 2035 \]
\[ 2025a = 2035 - \frac{10150}{1499} \]
\[ 2025a = \frac{2035 \cdot 1499 - 10150}{1499} \]
\[ 2025a = \frac{2035 \cdot 1499 - 10150}{1499} = \frac{2035 \cdot 1499 - 1"
train-010969,2280,4,false,parsed_fallback,1024,probability,reasoning_cut_off_with_fallback_integer,"\(X = 4\), the salary is 3500 yuan.
- If \(X = 3\), the salary is 2800 yuan.
- If \(X = 2\), the salary is 2100 yuan.
- If \(X = 1\), the salary is 2100 yuan.
- If \(X = 0\), the salary is 2100 yuan.

The expected salary \(E(S)\) is calculated as follows:
\[ E(S) = 3500 \cdot P(X = 4) + 2800 \cdot P(X = 3) + 2100 \cdot P(X = 2) + 2100 \cdot P(X = 1) + 2100 \cdot P(X = 0) \]
\[ E(S) = 3500 \cdot \frac{1}{16} + 2800 \cdot \frac{1}{4} + 2100 \cdot \frac{3}{8} + 2100 \cdot \frac{1}{4} + 2100 \cdot \"
train-011317,14,17,false,parsed_fallback,1024,unknown,reasoning_cut_off_with_fallback_integer," = 274 + 149 + 81 = 504, \\
a_{11} &= a_{10} + a_9 + a_8 = 504 + 274 + 149 = 927, \\
a_{12} &= a_{11} + a_{10} + a_9 = 927 + 504 + 274 = 1705, \\
a_{13} &= a_{12} + a_{11} + a_{10} = 1705 + 927 + 504 = 3136, \\
a_{14} &= a_{13} + a_{12} + a_{11} = 3136 + 1705 + 927 = 5768, \\
a_{15} &= a_{14} + a_{13} + a_{12} = 5768 + 3136 + 1705 = 10609, \\
a_{16} &= a_{15} + a_{14} + a_{13} = 10609 + 5768 + 3136 = 19513, \\
a_{17} &= a_{16} + a_{15} + a_{14} = 19513 + 10609 + 5768 = 35890, \\
a_{18} &= a_{17}"
train-011544,150,12,false,parsed_fallback,1024,unknown,reasoning_cut_off_with_fallback_integer," \frac{-51}{240} + 50 = 49.625 \]

At \( t = 9 \):
\[ v(9) = \frac{1}{240}(-9^2 + 15 \cdot 9 - 51)e^9 + 50 = \frac{1}{240}(-81 + 135 - 51)e^9 + 50 = \frac{1}{240}(0)e^9 + 50 = 50 \]

For the critical points, we take the derivative and set it to zero. However, since the exact critical points might be complex, we can check the behavior around these points numerically. Given the complexity, we can infer that the maximum value in this interval is at \( t = 0 \).

#### For \( 9 < t \leq 12 \):
\[ v(t"
train-011913,40,52,false,parsed_fallback,1024,unknown,reasoning_cut_off_with_fallback_integer,"riot)
- **Karl-Marx-City**: Athletics (Cypriot)
- **Rostock**: Captain (GDR)

#### Assigning Positions:
- **Engineer**: Leftmost position (Poland)
- **Volleyball player**: Middle position
- **Precision Mechanic**: 21 years old (GDR)
- **Teacher**: Swimming (GDR)
- **Captain**: Rostock (GDR)
- **Handball player**: GDR (GDR)
- **52 years old**: Next to 40 years old (Cypriot)
- **24 years old**: Next to Leipzig traveler (USSR)
- **40 years old**: Next to 52 years old (Cypriot)
- **Karl-Marx-City**:"
train-011965,5,2,false,parsed_fallback,1024,geometry,reasoning_cut_off_with_fallback_integer,"he area of triangle \(SUT\) is:
\[
\text{Area}_{SUT} = \frac{1}{2} \left| 0 \cdot 1 + \frac{5}{3} \cdot 2 + \frac{10}{3} \cdot 3 - \left( 3 \cdot \frac{5}{3} + 1 \cdot \frac{10}{3} + 2 \cdot 0 \right) \right|
\]
\[
= \frac{1}{2} \left| 0 + \frac{10}{3} + 10 - \left( 5 + \frac{10}{3} \right) \right|
\]
\[
= \frac{1}{2} \left| \frac{10}{3} + 10 - 5 - \frac{10}{3} \right|
\]
\[
= \frac{1}{2} \left| 5 \right| = \frac{5}{2}
\]

The area of triangle \(SQU\) is:
\[
\text{Area}_{SQU} = \frac{1}{2} \left"
train-012023,2,4,false,parsed_fallback,1024,unknown,reasoning_cut_off_with_fallback_integer,"5}{9} = \frac{40000000 + 5}{9} = \frac{40000005}{9} = 4444445 \]
\(4444445\) is not a perfect square.

For \(n = 8\):
\[ N = \frac{4 \times 10^8 + 5}{9} = \frac{400000000 + 5}{9} = \frac{400000005}{9} = 44444445 \]
\(44444445\) is not a perfect square.

For \(n = 9\):
\[ N = \frac{4 \times 10^9 + 5}{9} = \frac{4000000000 + 5}{9} = \frac{4000000005}{9} = 444444445 \]
\(444444445\) is not a perfect square.

For \(n = 10\):
\[ N = \frac{4 \times 10^{10} + 5}{9} = \frac{40000000000 + 5}{9} = \frac{4"
train-012197,24,24,true,parsed_fallback,1024,unknown,reasoning_cut_off_with_fallback_integer,"frac{3}{1 - \sqrt{2}} \cdot \frac{1 + \sqrt{2}}{1 + \sqrt{2}} = \frac{3(1 + \sqrt{2})}{1 - 2} = \frac{3(1 + \sqrt{2})}{-1} = -3(1 + \sqrt{2}) = 3(-1 - \sqrt{2})\]

Now, find \(a_7 + a_8\):
\[a_7 = a_1 r^6 = 3(-1 - \sqrt{2})(-\sqrt{2})^6 = 3(-1 - \sqrt{2}) \cdot 8 = 24(-1 - \sqrt{2})\]
\[a_8 = a_1 r^7 = 3(-1 - \sqrt{2})(-\sqrt{2})^7 = 3(-1 - \sqrt{2}) \cdot (-8\sqrt{2}) = 24(-1 - \sqrt{2})\sqrt{2} = 24(-\sqrt{2} - 2)\]

Adding these:
\[a_7 + a_8 = 24(-1 - \sqrt{2}) + 24(-\sqrt{2} - 2) = -24 - 24\"
train-012369,10,12,false,parsed_fallback,1024,unknown,reasoning_cut_off_with_fallback_integer,"he exponent of 3 in \( k? \) is \( 15 - 3 = 12 \).

For the prime factor 5:
\[ 5 = 1 + \text{exponent of } 5 \text{ in } k?. \]
So, the exponent of 5 in \( k? \) is \( 5 - 1 = 4 \).

For the prime factor 7:
\[ 0 = \text{exponent of } 7 \text{ in } k?. \]
So, the exponent of 7 in \( k? \) is \( 0 \).

Therefore, \( k? = 2^{24} \cdot 3^{12} \cdot 5^4 \). Now, we need to find \( k \) such that \( k? = 2^{24} \cdot 3^{12} \cdot 5^4 \). By comparing the form of \( k? \) with the general form of \( n?"
train-012442,8,0,false,parsed_fallback,1024,unknown,reasoning_cut_off_with_fallback_integer," \]

Combining the fractions, we get:
\[ k_1 + k_2 + k_3 + k_4 = y_2 \left( \frac{(x_2 + \frac{a}{\lambda})(x_2 - a) + (x_2 - \frac{a}{\lambda})(x_2 + a)}{(x_2^2 - \left(\frac{a}{\lambda}\right)^2)(x_2^2 - a^2)} \right). \]

Simplifying the numerator:
\[ (x_2 + \frac{a}{\lambda})(x_2 - a) + (x_2 - \frac{a}{\lambda})(x_2 + a) = x_2^2 - a^2 + \frac{ax_2}{\lambda} - \frac{a^2}{\lambda} + x_2^2 - a^2 - \frac{ax_2}{\lambda} + \frac{a^2}{\lambda} = 2x_2^2 - 2a^2. \]

So,
\[ k_1 + k_2 + k_3 + k_4 = y_2"
train-012443,11,3,false,parsed_fallback,1024,geometry,reasoning_cut_off_with_fallback_integer,"ft(-\frac{1}{2}\right) - 1 = -\frac{1}{8} - \frac{1}{4} + \frac{1}{2} - 1 = -\frac{1}{8} - \frac{2}{8} + \frac{4}{8} - \frac{8}{8} = -\frac{7}{8} \neq 0
\]

Since none of these simple rational roots work, we conclude that \(r = 1\) is the only real root. Therefore, \(\tan A = \tan B = \tan C = 1\).

Given the constraint \(1 \leq \tan A + \tan B + \tan C \leq 2015\), we substitute \(\tan A = \tan B = \tan C = 1\):

\[
1 + 1 + 1 = 3
\]

Thus, the only possible value for \(\tan B\) is 1. Therefore,"
train-012859,1,3,false,parsed_fallback,1024,unknown,reasoning_cut_off_with_fallback_integer,"= 1 \]
\[ f\left(-\frac{1}{3}\right) = \left(-\frac{1}{3}\right)^3 - \left(-\frac{1}{3}\right)^2 - \left(-\frac{1}{3}\right) + 2 = -\frac{1}{27} - \frac{1}{9} + \frac{1}{3} + 2 = -\frac{1}{27} - \frac{3}{27} + \frac{9}{27} + \frac{54}{27} = \frac{59}{27} \approx 2.185 \]
\[ f(2) = 2^3 - 2^2 - 2 + 2 = 8 - 4 - 2 + 2 = 4 \]

From this analysis, we see that the function changes from negative to positive between \( x = -\infty \) and \( x = -\frac{1}{3} \), then decreases to a local minimum at \( x ="
train-012981,10100,2,false,parsed_fallback,1024,unknown,reasoning_cut_off_with_fallback_integer," 2.\]
For \(k = 100\):
\[\left\lfloor \frac{100 \cdot 100 + 100}{99} \right\rfloor - \left\lceil \frac{100 \cdot 100}{99} \right\rceil + 1 = \left\lfloor \frac{1100}{99} \right\rfloor - 101 + 1 = 11 - 101 + 1 = 1.\]
For \(k = 1\):
\[\left\lfloor \frac{100 \cdot 1 + 100}{99} \right\rfloor - \left\lceil \frac{100 \cdot 1}{99} \right\rceil + 1 = \left\lfloor \frac{200}{99} \right\rfloor - 1 + 1 = 2 - 1 + 1 = 2.\]
And so on, the pattern shows that for \(k = 0\) and \(k = 100\), there are 2 solutions"
train-013243,1021,2017,false,parsed_fallback,1024,unknown,reasoning_cut_off_with_fallback_integer," 23 \pmod{2017}.
\]

Substituting \( y_0 \) into the second equation:
\[
4x_0 + 12(3x_0 - 23) - 155 \equiv 0 \pmod{2017},
\]
\[
4x_0 + 36x_0 - 276 - 155 \equiv 0 \pmod{2017},
\]
\[
40x_0 - 431 \equiv 0 \pmod{2017},
\]
\[
40x_0 \equiv 431 \pmod{2017}.
\]

Using the modular inverse of 40 modulo 2017, we find that the inverse is 1513 (since \( 40 \times 1513 \equiv 1 \pmod{2017} \)):
\[
x_0 \equiv 431 \times 1513 \pmod{2017},
\]
\[
x_0 \equiv 658543 \pmod{2017},
\]
\[
x_0 \equiv 1513 \pmod{2017}.
\"
train-013784,7400,6,false,parsed_fallback,1024,unknown,reasoning_cut_off_with_fallback_integer,"t 8 + 28 \cdot 7 + 29 \cdot 6 + 30 \cdot 5 + 31 \cdot 4 + 32 \cdot 3 + 33 \cdot 2 + 34 \cdot 1 + 35 \cdot 0 \right) \\
&= \frac{1}{6} \left( 300 + 300 + 300 + 300 + 300 + 300 + 304 + 306 + 300 + 297 + 280 + 273 + 252 + 240 + 228 + 216 + 204 + 190 + 175 + 160 + 144 + 126 + 110 + 90 + 72 + 56 + 40 + 25 + 10 + 0 \right) \\
&= \frac{1}{6} \left( 3000 + 304 + 306 + 300 + 300 + 300 + 300 + 306 + 300 + 297 + 280 + 273 + 252 + 240 + 228 + 216 + 204 + 190 + 175 + 160 + 144 + 126 + 110 + 90 + 72 + 56 + 40"
train-014088,15,3,false,parsed_fallback,1024,word_problem,reasoning_cut_off_with_fallback_integer,"\(\frac{2}{3}\) in parallel: \(\frac{3 \times \frac{2}{3}}{3 + \frac{2}{3}} = \frac{2}{\frac{11}{3}} = \frac{6}{11}\) ohms.
- Combine \(3\) and \(\frac{3}{2}\) in series: \(3 + \frac{3}{2} = \frac{9}{2}\) ohms.
- Combine \(3\) and \(\frac{3}{2}\) in parallel: \(\frac{3 \times \frac{3}{2}}{3 + \frac{3}{2}} = \frac{\frac{9}{2}}{\frac{9}{2}} = 1\) ohm.
- Combine \(3\) and \(\frac{1}{3}\) in series: \(3 + \frac{1}{3} = \frac{10}{3}\) ohms.
- Combine \(3\) and \(\frac{1}{3}\) in parallel: \(\frac{3 \"
train-014378,48,3,false,parsed_fallback,1024,unknown,reasoning_cut_off_with_fallback_integer,"n^2}{18} - n + 9. \]
Multiplying through by 18 to clear the denominators:
\[ 162 - 36n + 2n^2 = n^2 - 18n + 162. \]
Simplifying further:
\[ n^2 - 18n + 18n = 0 \Rightarrow n^2 = 0. \]
This simplifies to:
\[ n = 6. \]

Now, we need to find the area of the equilateral triangle \( AJG \) with side length \( \frac{n}{3} = 2 \). The area of an equilateral triangle with side length \( s \) is given by:
\[ \text{Area} = \frac{s^2 \sqrt{3}}{4} = \frac{2^2 \sqrt{3}}{4} = \sqrt{3}. \]
Thus, the area is \("
train-014509,2035153,343987086313514299528549180044008504408941000194417001944170019441700194417001944170019441700194417001944170019441700194417001944170019441700194417001944170019441700194417001944170019441700194417001944170019441700194417001944170019441700194417001944170019441700194417001944170019441700194417001944170019441700194417001944170019441700194417001944170019441700194417001944170019441700194417001944170019441700194417001944170019441700194417001944170019441700194417001944170019441700194417001944170019441700194417001944170019441700194417001944170019441700194417001944170019441700194417001944170019441700194417001944170019441700194417001944170019441,false,parsed_explicit,1024,unknown,explicit_answer_present_before_limit,94417001944170019441700194417001944170019441700194417001944170019441700194417001944170019441700194417001944170019441700194417001944170019441700194417001944170019441700194417001944170019441700194417001944170019441700194417001944170019441700194417001944170019441700194417001944170019441700194417001944170019441700194417001944170019441700194417001944170019441700194417001944170019441700194417001944170019441700194417001944170019441700194417001944170019441700194417001944170019441700194417001944170019441
train-015481,16,1,false,parsed_fallback,1024,unknown,reasoning_cut_off_with_fallback_integer,"ot \mathbf{c} + \mathbf{a} \cdot \mathbf{d} + \mathbf{b} \cdot \mathbf{c} + \mathbf{b} \cdot \mathbf{d} + \mathbf{c} \cdot \mathbf{d}).
\]

The maximum value of this expression occurs when all dot products are minimized to their minimum possible value, which is \(-1\) (since the dot product of two unit vectors ranges from \(-1\) to \(1\)). If we assume that \(\mathbf{a} \cdot \mathbf{b} = \mathbf{a} \cdot \mathbf{c} = \mathbf{a} \cdot \mathbf{d} = \mathbf{b} \cdot \mathbf{c} = \mathbf{b} \cdot \"
train-015546,2206,13,false,parsed_fallback,1024,unknown,reasoning_cut_off_with_fallback_integer," 86 + 86\alpha + 84 = 171\alpha + 170 \]
\[ \alpha^{10} = \alpha^9 + 2\alpha^8 = 171\alpha + 170 + 2(85\alpha + 86) = 171\alpha + 170 + 170\alpha + 172 = 341\alpha + 342 \]
\[ \alpha^{11} = \alpha^{10} + 2\alpha^9 = 341\alpha + 342 + 2(171\alpha + 170) = 341\alpha + 342 + 342\alpha + 340 = 683\alpha + 682 \]
\[ \alpha^{12} = \alpha^{11} + 2\alpha^{10} = 683\alpha + 682 + 2(341\alpha + 342) = 683\alpha + 682 + 682\alpha + 684 = 1365\alpha + 1366 \]
\[ \alpha^{13} = \alpha^{12} + 2\alpha^{11} = 13"
train-016120,126,2,false,parsed_fallback,1024,algebra,reasoning_cut_off_with_fallback_integer," + \frac{2k\pi}{1-n} \leq 2\pi
\]
\[
0 \leq \frac{1}{2(1-n)} + \frac{2k}{1-n} \leq 2
\]
\[
0 \leq \frac{1 + 4k}{2(1-n)} \leq 2
\]
\[
0 \leq 1 + 4k \leq 4(1-n)
\]
\[
-\frac{1}{4} \leq k \leq 1 - n
\]
Since $k$ is an integer, $k$ ranges from 0 to $n-1$, giving $n$ solutions.

Thus, for $n > 1$, $G(n) = (n+1) + n = 2n+1$.

### Case 2: $n = 1$
For $x = \frac{\pi}{2(1+1)} + \frac{2k\pi}{1+1}$:
\[
x = \frac{\pi}{4} + k\pi
\]
\[
0 \leq \frac{\pi}{4} + k\pi \leq 2\pi
\]
\[
0 \leq \frac{1}{4} + k \leq 2
"
train-016273,1,2,false,parsed_fallback,1024,unknown,reasoning_cut_off_with_fallback_integer," \) must be equal to the sum or difference of the radii of circles \( M \) and \( C \).

Let the radius of circle \( M \) be \( R \). For circle \( M \) to be tangent to the line \( l \) and not intersect circle \( C \), the distance from the center of circle \( M \) to the line \( l \) must be \( R + r \) or \( R - r \). Since the distance from the center of circle \( C \) to the line \( l \) is 1, we have:
\[ R + r = 1 \quad \text{or} \quad R - r = 1. \]
From part (2), we know \( r^2 = \frac{("
train-016426,45,3,false,parsed_fallback,1024,unknown,reasoning_cut_off_with_fallback_integer," 15 \): \( s(15) = 4 \), so \( (-1)^{s(15)} = (-1)^4 = 1 \)

Now, we compute the sum:

\[
\sum_{n=0}^{15} 2^n (-1)^{s(n)} = 2^0 \cdot 1 + 2^1 \cdot (-1) + 2^2 \cdot (-1) + 2^3 \cdot 1 + 2^4 \cdot (-1) + 2^5 \cdot 1 + 2^6 \cdot 1 + 2^7 \cdot (-1) + 2^8 \cdot (-1) + 2^9 \cdot 1 + 2^{10} \cdot 1 + 2^{11} \cdot (-1) + 2^{12} \cdot 1 + 2^{13} \cdot (-1) + 2^{14} \cdot (-1) + 2^{15} \cdot 1
\]

Breaking it down:

\[
1 - 2 + 4 - 8 + 16 - 32 + 64 - 128 + 256 - 512 + 1024 - 2048 + 4096 - 8192 + 16384 - 3"
train-016500,8600,2000,false,parsed_fallback,1024,unknown,reasoning_cut_off_with_fallback_integer,"400x - 800x + 300x + 500x + 6000 \]
\[ y = 400x - 800x + 300x + 500x + 6000 \]
\[ y = 400x - 800x + 300x + 500x + 6000 \]
\[ y = 400x - 800x + 300x + 500x + 6000 \]
\[ y = 400x - 800x + 300x + 500x + 6000 \]
\[ y = 400x - 800x + 300x + 500x + 6000 \]
\[ y = 400x - 800x + 300x + 500x + 6000 \]
\[ y = 400x - 800x + 300x + 500x + 6000 \]
\[ y = 400x - 800x + 300x + 500x + 6000 \]
\[ y = 400x - 800x + 300x + 500x + 6000 \]
\[ y = 400x - 800x + 300x + 500x + 6000 \]
\[ y = 400x - 800x + 300x + 500x +"
train-016507,43,2021,false,parsed_fallback,1024,algebra,reasoning_cut_off_with_fallback_integer,"n(a)\), we have \(b = \frac{1}{a}\).

Given the constraints \(2 \leq a, b \leq 2021\), we need to count the valid pairs \((a, b)\):

1. For \(b = a^4\), \(2 \leq a \leq 2021\) and \(2 \leq a^4 \leq 2021\). This implies \(2 \leq a \leq 11\) (since \(12^4 = 20736 > 2021\)). So there are 10 possible values for \(a\).
2. For \(b = \frac{1}{a}\), \(2 \leq a \leq 2021\) and \(2 \leq \frac{1}{a} \leq 2021\). This implies \(1 \leq a \leq 2021\). So there are 2021 possible values for \(a\).

Adding these"
train-016545,875,375,false,parsed_fallback,1024,unknown,reasoning_cut_off_with_fallback_integer,"\) for some integer \( m \), and thus:
\[ x = 125k = 125(8m + 3) = 1000m + 375 \]
Therefore, \( x \equiv 375 \mod 1000 \).

Thus, \( 555^{555} \equiv 375 \mod 1000 \), so:
\[ W(555, 1) \equiv 375 \mod 1000 \]

Now, we need to find \( W(555, 2) \):
\[ W(555, 2) = W(W(555, 1), 1) = W(375, 1) = 375^{375} \]
We need to find \( 375^{375} \mod 1000 \). Using the same approach as before, we first find \( 375^{375} \mod 8 \) and \( 375^{375} \mod 125 \).

Since \( 375 \equiv 5 \mod 8 \), we have:
\[ 375"
train-016734,369,8,false,parsed_fallback,1024,unknown,reasoning_cut_off_with_fallback_integer,"- Possible subsets are \(\{12, 10, 8, 6\}\), \(\{12, 10, 8, 5\}\), \(\{12, 10, 7, 5\}\), \(\{12, 10, 7, 4\}\), \(\{12, 9, 7, 4\}\), \(\{12, 9, 6, 4\}\), \(\{12, 9, 6, 3\}\), \(\{12, 8, 6, 3\}\), \(\{12, 8, 5, 3\}\), \(\{12, 8, 5, 2\}\), \(\{12, 7, 5, 2\}\), \(\{12, 7, 4, 2\}\), \(\{12, 7, 4, 1\}\), \(\{12, 6, 4, 1\}\), \(\{12, 6, 3, 1\}\), \(\{12, 5, 3, 1\}\), \(\{12, 5, 2, 1\}\), \(\{12, 4, 2, 1\}\), \(\{12, 3, 2, 1\}\), \(\{10, 8, 6, 3\}\), \(\{10, 8, 6, 2\}\), \(\{10, 8, 5, 2\}\), \(\{10, 8, "
train-016967,61,1,false,parsed_fallback,1024,unknown,reasoning_cut_off_with_fallback_integer,"rough by $(r - 1)^2$ to clear the denominators, we get:
\[3(r - 1)^2 - 8(r - 1) + 8r - 8 = 11(r - 1)^2\]
\[3(r^2 - 2r + 1) - 8r + 8 + 8r - 8 = 11(r^2 - 2r + 1)\]
\[3r^2 - 6r + 3 - 8 = 11r^2 - 22r + 11\]
\[3r^2 - 6r - 5 = 11r^2 - 22r + 11\]
\[0 = 8r^2 - 16r + 16\]
\[0 = r^2 - 2r + 2\]
The roots of this quadratic equation are complex, so we need to check simpler values for $r$. Trying $r = 2$, we get:
\[b_1 = \frac{8}{(2 - 1)^2} = 8\]
\[d = 3 - \frac{8}{2 - 1} = 3 - 8 = -5\]
So, $a_1 = 1 - b_1 = 1"
