id,gold_answer,raw_output,parse_status,failure_reason,output_tokens,max_token_hit
train-007517,-4,"To solve the given equations, we will follow a step-by-step approach for each part.

### Part 1: Solving $3x^2 - 6x - 2 = 0$ using the quadratic formula

The quadratic formula is given by:
\[ x = \frac{-b \pm \sqrt{b^2 - 4ac}}{2a} \]

For the equation $3x^2 - 6x - 2 = 0$, we have:
- $a = 3$
- $b = -6$
- $c = -2$

First, calculate the discriminant $\Delta$:
\[ \Delta = b^2 - 4ac = (-6)^2 - 4(3)(-2) = 36 + 24 = 60 \]

Now, apply the quadratic formula:
\[ x = \frac{-(-6) \pm \sqrt{60}}{2(3)} = \frac{6 \pm \sqrt{60}}{6} = \frac{6 \pm 2\sqrt{15}}{6} = \frac{3 \pm \sqrt{15}}{3} \]

So the solutions are:
\[ x_1 = \frac{3 + \sqrt{15}}{3}, \quad x_2 = \frac{3 - \sqrt{15}}{3} \]

Final answer: 2

### Part 2: Solving $x^2 + 6x + 8 = 0$ using factoring

We need to factorize the quadratic expression $x^2 + 6x + 8$. We look for two numbers that multiply to 8 and add up to 6. These numbers are 4 and 2.

Thus, we can write:
\[ x^2 + 6x + 8 = (x + 4)(x + 2) \]

Setting each factor equal to zero gives us the solutions:
\[ x + 4 = 0 \implies x = -4 \]
\[ x + 2 = 0 \implies x = -2 \]

So the solutions are:
\[ x_1 = -4, \quad x_2 = -2 \]

Final answer: -4",parse_failure_conflict,conflicting_final_answers,481,false
train-008954,81,"To solve the given problems, we need to carefully apply the definition of the operation ""$\triangle$"".

### Problem 1: $\left(-4\right)\triangle \left(-5\right)$

According to the definition, if $a \geq b$, then $a \triangle b = b^2$. Here, $-4 \geq -5$, so we use the first part of the definition:
\[
-4 \triangle -5 = (-5)^2 = 25.
\]
Thus, the value is:
\[
\boxed{25}.
\]

### Problem 2: $\left(-3\triangle 2\right)\triangle \left(-9\right)$

First, we need to evaluate $-3 \triangle 2$. According to the definition, since $-3 < 2$, we use the second part of the definition:
\[
-3 \triangle 2 = 2(-3) - 2 = -6 - 2 = -8.
\]
Now we need to evaluate $-8 \triangle -9$. Since $-8 < -9$, we again use the second part of the definition:
\[
-8 \triangle -9 = 2(-8) - (-9) = -16 + 9 = -7.
\]
Thus, the value is:
\[
\boxed{-7}.
\]",parse_failure_conflict,conflicting_final_answers,291,false
train-008989,1,"To solve the given expressions, we will break them down step by step.

### Expression 1: \(\sqrt{3} \times 612 \times 3 \frac{3}{2}\)

First, convert the mixed number \(3 \frac{3}{2}\) to an improper fraction:
\[3 \frac{3}{2} = \frac{3 \times 2 + 3}{2} = \frac{9}{2}\]

Now substitute this back into the expression:
\[\sqrt{3} \times 612 \times \frac{9}{2}\]

Next, simplify the multiplication:
\[\sqrt{3} \times 612 \times \frac{9}{2} = \sqrt{3} \times 612 \times 4.5 = \sqrt{3} \times 2754\]

Since \(\sqrt{3} \approx 1.732\), we can approximate the value:
\[1.732 \times 2754 \approx 4780.728\]

However, since the problem asks for the final answer as an integer, we need to recognize that the exact form is preferred unless otherwise specified. The exact value is:
\[2754 \sqrt{3}\]

But if we are to provide an integer approximation, it would be:
Final answer: 4781

### Expression 2: \(\lg^2 5 - \lg^2 2 + \lg 4\)

We use the properties of logarithms to simplify the expression. Recall that \(\lg 4 = \lg (2^2) = 2 \lg 2\). So the expression becomes:
\[\lg^2 5 - \lg^2 2 + 2 \lg 2\]

We can rewrite \(\lg^2 5 - \lg^2 2\) using the difference of squares:
\[\lg^2 5 - \lg^2 2 = (\lg 5 - \lg 2)(\lg 5 + \lg 2)\]

Using the property of logarithms \(\lg a - \lg b = \lg \left(\frac{a}{b}\right)\) and \(\lg a + \lg b = \lg (ab)\), we get:
\[\lg 5 - \lg 2 = \lg \left(\frac{5}{2}\right)\]
\[\lg 5 + \lg 2 = \lg (5 \cdot 2) = \lg 10 = 1\]

So the expression simplifies to:
\[(\lg \left(\frac{5}{2}\right)) \cdot 1 + 2 \lg 2 = \lg \left(\frac{5}{2}\right) + 2 \lg 2\]

Since \(\lg \left(\frac{5}{2}\right) = \lg 5 - \lg 2\), we have:
\[\lg 5 - \lg 2 + 2 \lg 2 = \lg 5 + \lg 2 = \lg 10 = 1\]

Thus, the value of the expression is:
Final answer: 1",parse_failure_conflict,conflicting_final_answers,697,false
train-009428,5,"For the first expression:

Step 1: Distribute and simplify inside the brackets.
\begin{align*}
3x^2y-[2xy^2-2(xy-1.5x^2y)+xy]+3xy^2 &= 3x^2y-[2xy^2-2xy+3x^2y+xy]+3xy^2 \\
&= 3x^2y-2xy^2+2xy-3x^2y-xy+3xy^2 \\
&= xy^2+xy
\end{align*}

Step 2: Substitute $x = -3$ and $y = -2$ into the simplified expression.
\begin{align*}
xy^2 + xy &= (-3)(-2)^2 + (-3)(-2) \\
&= (-3)(4) + 6 \\
&= -12 + 6 \\
&= -6
\end{align*}

Final answer: -6

For the second expression:

Step 1: Distribute and simplify the expression.
\begin{align*}
(2x+3y)-4y-(3x-2y) &= 2x+3y-4y-3x+2y \\
&= -x+y
\end{align*}

Step 2: Substitute $x = -3$ and $y = 2$ into the simplified expression.
\begin{align*}
-x+y &= -(-3)+2 \\
&= 3+2 \\
&= 5
\end{align*}

Final answer: 5",parse_failure_conflict,conflicting_final_answers,340,false
train-010082,150,"To solve the problem, we need to calculate the electricity bill based on the given pricing structure.

### Part (1): Xiaoming's family used 130 units of electricity in January

For the first 100 units, the cost is 0.5 yuan per unit. For the remaining 30 units (since 130 - 100 = 30), the cost is 0.8 yuan per unit.

First, calculate the cost for the first 100 units:
\[ 100 \text{ units} \times 0.5 \text{ yuan/unit} = 50 \text{ yuan} \]

Next, calculate the cost for the remaining 30 units:
\[ 30 \text{ units} \times 0.8 \text{ yuan/unit} = 24 \text{ yuan} \]

Now, add these two amounts together to get the total cost for January:
\[ 50 \text{ yuan} + 24 \text{ yuan} = 74 \text{ yuan} \]

So, the amount Xiaoming's family should pay in January is:
Final answer: 74

### Part (2): Xiaoming's family paid 90 yuan for electricity in February

Let \( x \) be the total number of units of electricity used in February. We know that if \( x \leq 100 \), the cost would be \( 0.5x \). Since the cost is 90 yuan, which is less than 50 yuan (the cost for 100 units at 0.5 yuan per unit), it means \( x \) must be less than 100 units.

If \( x > 100 \), the cost would be \( 100 \times 0.5 + (x - 100) \times 0.8 = 50 + 0.8(x - 100) \).

We set up the equation for the cost when \( x > 100 \):
\[ 50 + 0.8(x - 100) = 90 \]
\[ 50 + 0.8x - 80 = 90 \]
\[ 0.8x - 30 = 90 \]
\[ 0.8x = 120 \]
\[ x = 150 \]

Since \( x = 150 \) is greater than 100, this satisfies the condition. Therefore, the number of units of electricity consumed in February is:
Final answer: 150",parse_failure_conflict,conflicting_final_answers,564,false
train-012975,283,"To solve the given problems, we will address each part step by step.

### Part (1): Using the Method of Mutual Subtraction to find the GCD of 72 and 168

The method of mutual subtraction involves repeatedly subtracting the smaller number from the larger number until the two numbers are equal. This equal number is the GCD.

1. Start with 168 and 72.
2. Subtract 72 from 168: \(168 - 72 = 96\).
3. Now we have 96 and 72. Subtract 72 from 96: \(96 - 72 = 24\).
4. Now we have 72 and 24. Subtract 24 from 72: \(72 - 24 = 48\).
5. Now we have 48 and 24. Subtract 24 from 48: \(48 - 24 = 24\).
6. Now we have 24 and 24. Since they are equal, the GCD is 24.

So, the GCD of 72 and 168 is \(\boxed{24}\).

### Part (2): Using the Euclidean Algorithm to find the GCD of 98 and 280

The Euclidean Algorithm involves repeated division and taking remainders until the remainder is zero. The last non-zero remainder is the GCD.

1. Divide 280 by 98: \(280 = 98 \cdot 2 + 84\). So, the remainder is 84.
2. Divide 98 by 84: \(98 = 84 \cdot 1 + 14\). So, the remainder is 14.
3. Divide 84 by 14: \(84 = 14 \cdot 6 + 0\). So, the remainder is 0.

Since the remainder is now 0, the GCD is the last non-zero remainder, which is 14.

So, the GCD of 98 and 280 is \(\boxed{14}\).

### Part (3): Using Horner's Method to calculate the value of the function \(f(x) = x^5 + x^3 + x^2 + x + 1\) at \(x = 3\)

Horner's method (also known as Horner's scheme or Horner's rule) simplifies polynomial evaluation. We rewrite the polynomial in nested form:

\[ f(x) = x^5 + x^3 + x^2 + x + 1 = (((((x) \cdot x + 0) \cdot x + 1) \cdot x + 1) \cdot x + 1) \cdot x + 1 \]

Now, substitute \(x = 3\):

1. Start with the innermost expression: \(3 \cdot 3 = 9\).
2. Add 0: \(9 + 0 = 9\).
3. Multiply by 3: \(9 \cdot 3 = 27\).
4. Add 1: \(27 + 1 = 28\).
5. Multiply by 3: \(28 \cdot 3 = 84\).
6. Add 1: \(84 + 1 = 85\).
7. Multiply by 3: \(85 \cdot 3 = 255\).
8. Add 1: \(255 + 1 = 256\).

So, the value of the function \(f(x) = x^5 + x^3 + x^2 + x + 1\) at \(x = 3\) is \(\boxed{256}\).",parse_failure_conflict,conflicting_final_answers,825,false
